rainfall_1h,rainfall_3h,rainfall_6h,recent_rainfall_intensity,elevation,slope,distance_to_drain,distance_to_road,distance_to_infra,population_total,critical_infra_flag,flood_severity
3.2,6.7,9.7,1.6166666666666665,0.0,0.0,2918.200674287445,15.4683998688613,169.57148611871165,582320,0,Low
38.6,77.7,112.6,18.766666666666666,0.0,0.0,2910.354269422088,16.536882388451875,85.97815267204233,582320,1,Medium
32.6,88.5,131.0,21.83333333333333,0.0,0.0,2490.0088880312787,27.733003896549203,41.84226409931371,582320,1,Medium
20.9,43.1,56.8,9.466666666666669,0.0,0.0,2861.9105267777018,8.899480154088982,106.5370775993106,582320,1,Low
17.64,60.55,77.93,12.988333333333337,0.0,0.0,12147.28334473844,2549.4396694938982,615.0942391864652,887978,0,Low
5.1,12.8,17.5,2.9166666666666665,0.0,0.0,2880.0676133892907,29.57013896490672,123.4487070634994,582320,0,Low
39.5,95.5,134.5,22.416666666666668,0.0,0.0,2892.448810703721,59.29334591184463,236.6447031054185,582320,0,Medium
71.08,79.81,151.53,25.255,0.0,0.0,16735.86908575385,4373.553704750912,127.39498303368312,2241624,0,Low
8.7,19.4,29.3,4.883333333333334,0.0,0.0,2918.871915014901,27.822012742153102,113.67354233356666,582320,1,Low
6.4,14.2,22.2,3.7,0.0,0.0,3155.742043652924,20.71148263076103,1.887789030575356,582320,0,Low
79.82,179.57,220.03,36.67166666666667,0.0,0.0,13250.619715224677,5072.20123689802,232.48092587236687,2241624,0,High
56.8,84.6,144.44,24.07333333333333,0.0,0.0,7653.689335236843,10.885832689399038,337.86712641013884,887978,0,High
13.2,34.0,50.7,8.450000000000001,0.0,0.0,2390.5195708963806,33.89909703990666,209.05455780350115,582320,0,Low
41.4,105.9,166.4,27.73333333333333,0.0,0.0,2332.3499868203194,14.936250919902696,0.6210222384992453,582320,1,Medium
61.41,139.67,165.09,27.515,0.0,0.0,11108.5617632117,529.1959728149274,277.521947103822,2241624,1,High
5.8,14.2,19.2,3.2,0.0,0.0,3038.4194174831227,1.9741722973624205,3.777765269938661,582320,0,Low
23.4,53.6,73.8,12.3,0.0,0.0,2915.1630297332704,4.888817571439713,39.78024988515225,582320,0,Low
30.7,69.8,96.4,16.066666666666666,0.0,0.0,2531.464499557008,33.03073581075301,215.746865144826,582320,1,Low
25.8,52.6,82.8,13.8,0.0,0.0,2251.969882347112,54.48042307301292,330.32880410499484,2731929,0,Medium
65.38,97.64,167.68,27.94666666666667,0.0,0.0,3070.284595466801,4.937572099868283,195.05725582295923,2731929,0,High
80.5,151.59,186.75,31.125,0.0,0.0,1993.3098050440435,19.124715508193542,69.0416030927044,142004,0,Medium
53.15,130.09,183.29,30.54833333333333,0.0,0.0,11363.511182053702,917.8302194493324,1936.7943523726124,2241624,0,Medium
3.2,8.5,13.3,2.216666666666667,0.0,0.0,3030.303217913676,5.094752245253706,36.962406412123045,582320,0,Low
22.3,49.1,68.0,11.333333333333334,0.0,0.0,2494.156959869489,4.126586266285507,22.53031144722001,582320,1,Low
81.66,137.44,191.15,31.85833333333333,0.0,0.0,2303.605574879712,20.97364483477532,149.2273663138877,142004,0,High
16.4,36.7,52.7,8.783333333333333,0.0,0.0,2620.854832391597,13.422153931335172,143.25897807929957,582320,1,Low
50.6,138.4,183.1,30.516666666666666,0.0,0.0,2640.095107563252,3.982697774099512,68.1049186172184,582320,1,High
61.62,98.72,128.97,21.495,0.0,0.0,6050.698525607239,13.135522228844875,273.0626537048891,887978,0,High
38.6,91.2,141.6,23.6,0.0,0.0,2926.043815801636,7.569933368155174,96.28497009344966,582320,1,Medium
74.62,180.38,261.64,43.60666666666666,0.0,0.0,6617.083376007067,712.1211922038897,315.48438463557363,2241624,1,Medium
15.5,38.9,58.4,9.733333333333333,0.0,0.0,2127.7708649380456,38.96559725442774,145.86161981277604,582320,0,Low
2.2,5.0,7.9,1.3166666666666669,0.0,0.0,3095.7976718357604,11.98317171443685,98.56622932413144,142004,1,Low
29.1,83.1,120.0,20.0,0.0,0.0,2784.1907508567947,32.091286993637254,137.92863700987607,582320,1,Medium
34.7,95.9,149.8,24.96666666666667,0.0,0.0,2992.998776402135,16.51978029923498,28.244217599584715,582320,0,Medium
57.0,137.7,185.6,30.933333333333334,0.0,0.0,2728.3988912858954,27.878478959314595,229.90224502876936,582320,0,High
22.9,46.3,73.6,12.266666666666666,0.0,0.0,2588.2980071844754,0.9398066187572828,110.0242802210053,582320,0,Low
22.0,60.3,92.4,15.4,0.0,0.0,2612.4084157009606,4.420053457284165,150.03472397675816,582320,1,Low
19.9,40.2,57.9,9.65,0.0,0.0,2035.6556712460583,16.86114530440821,269.32990524450577,582320,1,Low
62.27,96.14,148.15,24.691666666666663,0.0,0.0,10408.022043943633,612.9931782043255,153.15495228810457,887978,0,High
33.8,72.5,99.5,16.583333333333332,0.0,0.0,2825.2916928268346,4.640558522539796,0.8491505054783158,582320,0,Low
13.3,30.9,42.3,7.05,0.0,0.0,3196.125934624556,76.53349157355255,0.3296370020233468,582320,1,Low
51.76,107.92,171.96,28.66,0.0,0.0,7189.824275407682,58.98089742992638,702.4060711489028,887978,0,Low
5.2,10.5,16.7,2.783333333333333,0.0,0.0,3441.020129218907,48.19012573498158,45.95413907417934,582320,0,Low
53.34,104.87,131.79,21.965,0.0,0.0,4340.45755542144,47.78324603349359,6.372673047590512,1709346,1,Low
20.9,55.7,74.9,12.483333333333334,0.0,0.0,2857.1490372305834,14.763682419414454,9.30541340494478,582320,1,Low
44.0,112.7,178.2,29.7,0.0,0.0,2898.303145883313,46.57133564950152,139.56094873721057,582320,1,High
57.1,133.0,175.0,29.166666666666668,0.0,0.0,2105.220132355774,3.396830943534757,231.3181018980182,582320,0,High
45.3,106.8,150.9,25.15,0.0,0.0,3246.736908371412,26.60779165520879,54.518496773630325,582320,0,Medium
29.31,70.21,114.18,19.03,0.0,0.0,10250.13432774576,2700.987639130408,764.3302454425083,887978,1,High
67.77,157.96,211.03,35.17166666666667,0.0,0.0,8895.144966380834,1912.220602567924,323.2931105043861,2241624,1,High
13.1,32.7,44.3,7.383333333333333,0.0,0.0,1938.149233875737,6.768257897097254,330.0652324771748,582320,1,Low
2.1,5.7,7.4,1.2333333333333334,0.0,0.0,3827.440554484043,24.357403626572346,80.1448059724045,142004,0,Low
7.97,22.81,52.93,8.821666666666667,0.0,0.0,1767.110347828847,14.25539858708635,309.51807285078576,142004,0,High
6.5,18.2,24.7,4.116666666666666,0.0,0.0,2997.465149350953,0.9693572438640674,0.3281334878802465,582320,1,Low
16.5,42.1,59.8,9.966666666666669,0.0,0.0,3439.69359133532,79.3701969438036,108.83885655186916,582320,0,Low
35.1,85.4,126.1,21.016666666666666,0.0,0.0,2523.6957725735,10.989640456630166,59.66783069058405,582320,1,Medium
66.7,133.7,183.2,30.53333333333333,0.0,0.0,2751.7878370172057,5.969298121472648,27.35658455669657,582320,0,High
10.77,22.92,29.98,4.996666666666667,0.0,0.0,2598.486332832057,1.9550701664798624,163.38084850320567,2241624,1,Medium
7.2,16.5,22.4,3.733333333333333,0.0,0.0,2497.6591902948894,8.922197818604701,36.79854120138077,582320,0,Low
42.9,86.1,135.2,22.53333333333333,0.0,0.0,943.9891269046136,26.674205279984218,19.49481277776583,887978,1,High
2.9,7.5,11.3,1.8833333333333333,0.0,0.0,2726.086496993012,25.26832776358112,164.57791596082322,582320,0,Low
57.4,126.0,195.1,32.516666666666666,0.0,0.0,2965.226604524006,20.65648690661024,195.71526095416075,582320,0,High
39.4,84.6,128.6,21.433333333333334,0.0,0.0,1833.9347948162888,5.686717991881517,359.2989727828938,582320,0,Medium
66.3,156.64,229.21,38.20166666666667,0.0,0.0,2747.7611121861705,230.25943184430304,360.1585095870646,582320,0,High
13.19,27.11,32.55,5.425,0.0,0.0,5070.9563838355225,378.1436488792508,37.4946421474795,887978,0,Low
13.1,30.7,42.8,7.133333333333333,0.0,0.0,3424.7907442708006,78.37934226733918,7.191255242126158,582320,1,Low
13.4,29.2,42.0,7.0,0.0,0.0,2216.9069476771488,21.628161774866392,150.20906100457202,582320,1,Low
38.8,95.7,136.2,22.7,0.0,0.0,3207.8878004820617,0.7342444511776841,57.04364912927619,582320,1,Medium
33.8,93.7,124.0,20.666666666666668,0.0,0.0,3371.037466582873,13.06524809524084,4.837374803920836,582320,1,Medium
10.63,75.51,99.32,16.55333333333333,0.0,0.0,13696.786965274774,2735.9206207223574,669.5968781221666,2241624,0,Low
54.0,137.8,203.0,33.833333333333336,0.0,0.0,2559.417040909455,44.41229373054552,90.19584544378618,582320,0,High
34.4,78.7,113.8,18.966666666666665,0.0,0.0,2964.499240147351,46.19701659928032,267.8255548282247,582320,0,Low
21.6,59.9,82.3,13.716666666666669,0.0,0.0,2826.0269450053734,7.284631871796053,169.94814545680768,582320,1,Low
61.58,115.13,164.92,27.486666666666665,0.0,0.0,4580.147910200776,3.3481809178270985,394.8913085327757,887978,0,Low
7.0,15.1,24.1,4.016666666666667,0.0,0.0,2761.7998392600643,88.23576117859773,190.65475564839835,582320,0,Low
4.6,11.4,17.8,2.966666666666667,0.0,0.0,3263.029666223781,9.3345496285037,176.87211028471674,582320,0,Low
77.46,189.89,262.06,43.67666666666667,0.0,0.0,13987.077005246514,5837.594179377884,373.7494646727777,2241624,0,High
53.8,130.1,185.5,30.916666666666668,0.0,0.0,3588.121416110268,12.627521525682528,321.9628660342111,142004,0,High
10.7,23.7,35.0,5.833333333333333,0.0,0.0,2911.921706904597,57.02556157810366,156.47717018948126,582320,1,Low
14.12,78.34,177.96,29.66,0.0,0.0,4033.9042109972215,30.25316152011961,0.1547342727600282,2241624,1,Low
87.71,182.14,224.28,37.38,0.0,0.0,7268.625291456959,75.17104717507291,315.76326311819884,887978,0,Medium
69.6,134.79,174.85,29.141666666666666,0.0,0.0,9149.345881449566,289.890178638892,17.65035969435215,887978,1,High
53.04,128.84,188.28,31.38,0.0,0.0,11654.37490478561,1132.5949422106032,194.73750777586145,1709346,1,Medium
55.8,119.7,160.3,26.71666666666667,0.0,0.0,2599.779325381104,10.228298428822628,143.8576427418492,582320,0,Medium
34.3,89.7,126.3,21.05,0.0,0.0,2982.4749798165826,16.58684122624828,369.116247429611,142004,0,Medium
9.3,20.0,29.8,4.966666666666667,0.0,0.0,2923.2751705595592,5.101670971471389,29.98275934504726,582320,1,Low
17.7,39.2,54.1,9.016666666666667,0.0,0.0,2583.4474350523446,32.57138012597288,138.21746875579447,582320,0,Low
7.7,21.4,30.5,5.083333333333333,0.0,0.0,2336.5985219766408,9.66905140023753,38.25423784984585,582320,0,Low
23.3,51.7,71.7,11.95,0.0,0.0,2553.8230064938075,22.338105389711654,83.46945216076988,582320,0,Low
15.7,35.5,46.5,7.75,0.0,0.0,2915.0215733937,2.8955987109470698,5.162009767051657,582320,0,Low
41.2,86.8,127.2,21.2,0.0,0.0,2960.7939766189124,3.3792763682434424,27.74186550541507,582320,1,Low
48.4,103.07,151.77,25.295,0.0,0.0,10366.79599592724,2265.492783199291,357.39711511120254,2241624,1,Low
61.4,134.1,191.9,31.98333333333333,0.0,0.0,2589.9036732736868,11.25924865183366,137.16640786131953,582320,0,High
36.0,83.5,115.6,19.266666666666666,0.0,0.0,2959.601946545793,8.833400707948941,166.5596596627648,582320,0,Low
35.1,87.9,128.0,21.33333333333333,0.0,0.0,2746.9115405552743,4.000282560297009,111.87792354227618,582320,1,Medium
1.9,5.3,7.8,1.3,0.0,0.0,2201.9182207182635,36.9792064830087,106.4966602814546,582320,0,Low
78.89,158.32,223.02,37.17,0.0,0.0,11815.8929461662,1221.8631600593576,2103.1581039619464,2241624,0,Medium
10.4,26.5,36.8,6.133333333333333,0.0,0.0,3515.7650320006587,51.23319374730171,106.75721639065502,582320,0,Low
13.2,29.7,40.6,6.766666666666667,0.0,0.0,3378.7494040746155,12.163782858838228,126.35104263056463,582320,1,Low
13.8,30.4,42.2,7.033333333333334,0.0,0.0,3081.72971843742,43.981338142996506,65.85557935601173,582320,1,Low
8.1,18.6,27.0,4.5,0.0,0.0,2162.2788767052025,1.3239302542822442,156.37600658952644,582320,1,Low
30.9,81.1,119.9,19.98333333333333,0.0,0.0,3126.2280212546493,28.34583278562562,31.27534434044326,582320,1,Medium
29.0,70.9,103.9,17.316666666666666,0.0,0.0,3137.72271284356,35.493769046202594,201.8322828772055,582320,0,Low
45.8,101.4,139.0,23.166666666666668,0.0,0.0,2714.735892312387,26.69646566703863,235.3656007943144,582320,0,High
65.5,137.2,187.3,31.21666666666667,0.0,0.0,3409.858598929869,2.768252348434997,78.27944910490943,1709346,1,High
63.1,129.5,171.4,28.566666666666663,0.0,0.0,2920.1843194595745,0.6383570230708197,5.626958476042382,582320,1,High
41.7,98.1,136.4,22.73333333333333,0.0,0.0,3156.7083326306943,13.372339930409217,55.97213569414913,142004,0,Medium
21.6,47.6,75.2,12.533333333333331,0.0,0.0,3301.726371666872,14.436843302297977,12.272432930918884,582320,1,Low
44.0,97.6,155.9,25.98333333333333,0.0,0.0,3192.8585331475406,3.9458024862003023,170.5009703034337,582320,1,Medium
15.7,41.1,53.9,8.983333333333333,0.0,0.0,3593.8479435795493,2.6546092242573054,89.45806331190926,1709346,0,Low
5.0,11.4,14.9,2.4833333333333334,0.0,0.0,2980.086277437091,3.623375615067165,5.0136805155992334,582320,1,Low
23.2,63.3,87.2,14.533333333333331,0.0,0.0,3023.9089911550764,59.30253974993591,174.73219754700955,582320,0,Low
19.6,52.5,79.6,13.266666666666666,0.0,0.0,2711.246463484986,93.75525317489844,200.77287208975017,582320,0,Low
60.6,127.4,203.4,33.9,0.0,0.0,3416.7691167250064,26.64866286862248,52.24894945042938,582320,0,High
7.3,14.6,20.4,3.4,0.0,0.0,2798.392543196055,15.686331229500023,111.02861410874416,582320,1,Low
2.3,6.4,8.9,1.4833333333333334,0.0,0.0,2814.332569684667,6.878398687715233,9.267917974105387,582320,1,Low
77.12,166.38,203.2,33.86666666666667,0.0,0.0,14347.131735669458,3102.7084814273685,88.02336862013273,2241624,1,Medium
31.2,73.5,99.2,16.533333333333335,0.0,0.0,2921.810075854476,3.018938876096558,1.3700709760670584,582320,1,Low
72.0,114.62,207.57,34.595,0.0,0.0,12053.544012232844,1135.8904517697858,64.43423727141084,1709346,0,High
22.5,63.5,91.4,15.233333333333334,0.0,0.0,3351.749978916164,24.053614467294903,3.965946315037875,582320,0,High
41.1,84.8,133.3,22.21666666666667,0.0,0.0,2320.9051531369205,11.875176475014236,39.077509368130336,582320,1,Medium
39.6,98.3,156.1,26.016666666666666,0.0,0.0,2687.794317853333,42.24644934414577,204.7027765556461,582320,1,Medium
38.9,110.3,166.0,27.666666666666668,0.0,0.0,2533.332675266435,7.205843380106547,146.65780989281245,582320,1,Medium
17.4,42.4,62.5,10.416666666666666,0.0,0.0,2491.6629653384634,12.613777988499209,7.487240107205704,582320,1,Low
49.86,62.88,135.66,22.61,0.0,0.0,6254.892815931052,660.8684456883575,398.7943297383418,887978,1,Low
16.4,36.7,48.1,8.016666666666667,0.0,0.0,3157.572002001661,0.6600714528406844,104.46260131479826,582320,1,Low
59.78,122.1,193.67,32.27833333333333,0.0,0.0,6503.07073248695,14.292939991645982,95.33517427207715,2241624,0,Low
14.64,55.0,120.9,20.15,0.0,0.0,3772.784308079348,47.04898165966798,131.9093775795201,142004,0,High
7.8,21.0,28.4,4.733333333333333,0.0,0.0,2699.8987355768986,47.94490207527159,59.50607565348831,582320,1,Low
5.9,16.1,23.9,3.983333333333333,0.0,0.0,2324.276138695573,2.869822553547242,4.5071416311078085,582320,1,Low
11.6,23.9,31.2,5.2,0.0,0.0,2350.8932850862066,49.12160198565668,31.78037471088239,582320,1,Low
21.27,51.0,71.76,11.96,0.0,0.0,2942.7851796997866,15.08100657995392,587.7293855079785,2241624,1,Medium
26.89,84.59,111.81,18.635,0.0,0.0,6406.23136999384,295.26782243636046,44.86717503295539,2241624,0,Medium
21.1,47.2,73.1,12.183333333333332,0.0,0.0,3325.100494704242,2.294019941302785,37.222657146710944,582320,1,Low
29.76,65.87,89.34,14.89,0.0,0.0,10075.036325927143,5.181972872349865,38.86556727022517,1709346,0,Low
46.7,110.6,155.2,25.866666666666664,0.0,0.0,2484.77736464254,12.357487054458453,251.4944453040262,582320,1,High
17.6,40.4,61.4,10.233333333333333,0.0,0.0,3299.234927024361,21.15279406982268,14.641317557972084,142004,1,Low
20.4,42.5,63.9,10.65,0.0,0.0,2823.377335329544,9.331449208807992,150.96028987413965,582320,0,Low
7.1,19.1,28.1,4.683333333333334,0.0,0.0,2818.810116675114,19.507059275864428,70.89289875218654,582320,0,Low
59.26,79.15,127.13,21.188333333333333,0.0,0.0,3172.7018209757275,20.253702860530336,232.0585180809586,3656539,0,Low
68.7,157.29,241.11,40.185,0.0,0.0,3670.174540766453,155.86111523048564,11.558066473100164,887978,0,High
5.7,14.7,22.4,3.733333333333333,0.0,0.0,2334.342404930177,57.55478803622753,50.40072825875284,582320,1,Low
12.4,28.1,39.0,6.5,0.0,0.0,2316.069852499875,0.9521092057048552,77.19017626094708,582320,0,Low
7.2,16.9,25.0,4.166666666666667,0.0,0.0,2385.5736846480613,15.32636596464189,5.44558783479581,582320,0,Low
40.6,85.1,135.3,22.55,0.0,0.0,3205.2910623437683,28.40828823174864,172.50778622300552,142004,0,Medium
4.6,9.7,14.9,2.4833333333333334,0.0,0.0,2790.364956802349,6.105236834721002,114.35224471777894,582320,1,Low
32.0,83.8,113.0,18.83333333333333,0.0,0.0,2770.466517395634,15.415420954642109,229.1288579793724,582320,1,Medium
93.42,116.97,216.35,36.05833333333333,0.0,0.0,7803.473416625888,519.4735846797998,267.38455457209454,887978,0,High
51.3,134.8,209.4,34.9,0.0,0.0,2460.793245181728,8.924162698730747,44.36364808604015,582320,0,High
4.6,12.7,19.1,3.1833333333333336,0.0,0.0,1920.426911956304,59.642517061579774,347.3268577183525,582320,0,Low
45.8,107.1,148.2,24.7,0.0,0.0,3047.9309091076207,31.871654087168512,102.6468925176149,582320,1,Medium
72.0,136.14,210.26,35.04333333333333,0.0,0.0,5776.594293588163,1.6362469475424093,69.4192562247705,2731929,0,Medium
52.8,127.6,190.4,31.73333333333333,0.0,0.0,2934.63129921286,19.668261700302704,127.5310414427937,582320,0,High
13.1,36.2,51.4,8.566666666666666,0.0,0.0,2694.408205757009,22.700690688989905,56.29080534259432,582320,0,Low
6.7,16.3,24.6,4.1000000000000005,0.0,0.0,3234.5992955822685,29.64253580210521,49.13294661862189,582320,1,Low
41.66,107.01,165.58,27.596666666666668,0.0,0.0,15817.150390045514,6614.353371705137,1004.2873247555736,2241624,1,High
79.37,149.93,225.64,37.60666666666666,0.0,0.0,5329.08584385095,9.073541909603174,39.23733729577094,1709346,0,High
96.51,104.57,147.41,24.56833333333333,0.0,0.0,3514.4558073555613,26.69108809483466,126.56100106332474,1709346,1,Medium
8.01,20.51,24.76,4.126666666666667,0.0,0.0,4172.041687997569,186.0551642037149,1142.716301283556,142004,1,Medium
5.3,13.6,21.0,3.5,0.0,0.0,2678.621845171768,9.37289653996804,195.7556916953331,582320,0,Low
27.6,67.2,94.6,15.766666666666666,0.0,0.0,3605.6513097394622,4.755177245983664,26.867534056844143,582320,1,Low
38.07,80.61,128.16,21.36,0.0,0.0,1502.8683286501378,33.13740996009416,715.9158266915091,2241624,1,Medium
7.8,18.9,28.2,4.7,0.0,0.0,2855.271934590708,126.80825396016436,216.61947858910173,582320,1,Low
17.89,59.28,121.57,20.261666666666667,0.0,0.0,7922.546998014923,19.74905991592642,69.80420340608299,887978,0,Low
46.01,97.78,141.34,23.55666666666667,0.0,0.0,1906.389622605039,12.360092185205312,256.2697047255082,142004,0,High
6.1,13.9,18.5,3.083333333333333,0.0,0.0,3118.541610385692,0.9680802085490436,0.7877801263329423,582320,0,Low
14.7,30.3,46.2,7.7,0.0,0.0,2775.733023680607,29.32082067508384,219.81838470626272,582320,0,Low
9.2,18.7,26.2,4.366666666666666,0.0,0.0,2769.527528984516,11.014692717723,9.236103999350668,582320,1,Low
21.1,47.9,75.8,12.633333333333333,0.0,0.0,3178.1866316697688,11.17735807276474,75.35269526849048,582320,1,Low
32.01,63.2,96.61,16.101666666666667,0.0,0.0,9854.33574496406,243.67458667041896,145.87866513697807,1709346,1,Medium
20.7,53.1,79.4,13.233333333333334,0.0,0.0,2390.1751290774605,6.92396346561097,24.24864652242933,582320,0,Low
37.7,96.4,147.6,24.6,0.0,0.0,3253.581293618972,27.67226194924866,23.55081647483424,582320,0,Medium
96.71,237.2,312.4,52.06666666666666,0.0,0.0,6779.335920902004,7.236756669197344,1.3678429266859224,2731929,1,High
72.94,129.07,199.43,33.23833333333334,0.0,0.0,853.3689070969573,3.69681422479634,176.70737332911406,887978,1,Low
38.0,87.3,123.7,20.616666666666667,0.0,0.0,3008.76740112263,8.107256771210576,107.0711467108192,582320,1,Medium
15.1,42.1,58.8,9.8,0.0,0.0,3312.27127631199,0.5771488431931605,10.915403473332182,582320,0,Low
17.5,42.9,65.4,10.9,0.0,0.0,3249.26496943698,9.9345459031704,54.589399064122446,582320,0,Low
15.1,34.5,51.1,8.516666666666667,0.0,0.0,3134.2280348016216,8.873695133599291,83.30553475883276,582320,1,Low
63.8,128.7,168.4,28.066666666666663,0.0,0.0,2443.1989245212853,15.928968574795448,14.100357862917964,582320,0,High
29.8,80.6,120.3,20.05,0.0,0.0,1844.2388576531907,12.10377134104096,64.32296791793885,2543243,1,High
40.7,113.7,175.6,29.266666666666666,0.0,0.0,2614.3112896779394,36.94383530244931,131.20198558465674,582320,1,High
35.7,93.0,133.2,22.2,0.0,0.0,2659.666579267732,8.364300300041268,220.3854998841261,582320,1,Medium
34.1,74.1,116.3,19.383333333333333,0.0,0.0,7944.444982761411,99.42722800635453,254.58097435605936,2731929,1,High
66.9,171.66,261.26,43.54333333333333,0.0,0.0,4288.188021552,70.14364327116013,27.55537606802336,887978,1,High
14.4,32.6,43.6,7.266666666666667,0.0,0.0,2584.873177474068,1.8933170061884208,109.71178611317252,582320,0,Low
5.7,11.6,16.3,2.716666666666667,0.0,0.0,2723.34975000634,12.489471503360072,205.9946253075567,582320,0,Low
46.25,84.92,104.7,17.45,0.0,0.0,6492.591336245037,4.889939326142044,109.46326428297824,1709346,0,Medium
33.9,72.4,99.4,16.566666666666666,0.0,0.0,3277.022433238147,34.76725404184673,94.80663167794329,142004,0,Low
27.9,56.8,79.6,13.266666666666666,0.0,0.0,3564.0138065974784,12.456842928757606,16.647629439941298,582320,1,Low
37.2,80.7,107.1,17.849999999999998,0.0,0.0,2432.2833407608086,1.9615244659203663,106.01724491368836,582320,0,Medium
8.4,22.9,32.2,5.366666666666667,0.0,0.0,3237.8344690034764,0.337054908026122,1.5266739761526722,142004,0,Low
53.38,121.27,214.31,35.718333333333334,0.0,0.0,1877.3693679332123,12.72951811380957,413.9950663114269,142004,0,Low
31.5,73.1,110.2,18.366666666666667,0.0,0.0,2307.8276417562447,15.57853829903862,28.09278529733034,582320,1,Medium
28.1,80.0,107.7,17.95,0.0,0.0,3029.238512194612,13.277111475493566,211.644180062698,582320,0,Low
43.9,88.5,129.9,21.65,0.0,0.0,3061.131837980265,1.3430313680392014,19.200003928535864,582320,1,Medium
95.79,221.33,297.17,49.528333333333336,0.0,0.0,2869.522556197126,16.628429869983673,191.8488780212191,142004,0,Medium
94.58,179.15,284.21,47.36833333333333,0.0,0.0,11110.369850088086,1102.896117736001,786.5405845355314,1709346,1,High
15.7,35.8,53.0,8.833333333333334,0.0,0.0,2755.416475323427,9.872535947574637,214.72533463059708,887978,1,Low
29.9,77.3,100.7,16.783333333333335,0.0,0.0,3358.2504828242973,4.735470982013789,0.2158000851475266,582320,1,Low
5.4,14.2,19.1,3.1833333333333336,0.0,0.0,2738.650343395168,0.0380203418125575,246.06414622342828,582320,1,Low
26.9,54.3,83.1,13.85,0.0,0.0,3559.559308963529,0.4625842156200929,61.32295815810821,142004,1,Low
46.02,120.33,201.76,33.626666666666665,0.0,0.0,1293.7456532398314,55.254964185199846,176.76291276454285,142004,0,Medium
31.2,64.5,100.8,16.8,0.0,0.0,3510.3071983931445,59.527694848648494,113.33753611132192,582320,0,Low
24.4,63.1,90.0,15.0,0.0,0.0,3072.748363922045,2.871351354317075,0.6888299988375232,582320,0,Low
25.2,55.8,82.3,13.716666666666669,0.0,0.0,2226.040414337163,122.9204975894789,412.6296354792833,2731929,0,Low
29.8,78.0,117.2,19.53333333333333,0.0,0.0,2621.46882093992,47.02324083253185,1.1129245641661851,582320,0,Medium
76.16,158.18,251.47,41.91166666666667,0.0,0.0,7784.794692422863,2.796805527102792,125.1820029712107,1709346,0,High
25.4,60.0,81.0,13.5,0.0,0.0,3220.515561032305,5.07156832678112,184.14971962684976,582320,1,Low
11.5,23.8,38.1,6.3500000000000005,0.0,0.0,2623.4728102290483,13.692376224971008,83.07507837752989,582320,0,Low
15.3,36.2,49.3,8.216666666666667,0.0,0.0,8293.727131715283,6.348357752310116,192.4500482075228,2731929,0,Low
14.3,31.1,48.1,8.016666666666667,0.0,0.0,2672.164382521167,14.361364047950628,185.39222089000205,2731929,1,Medium
12.9,34.4,53.1,8.85,0.0,0.0,3103.437602947746,17.394195444012926,57.69946007559847,582320,1,Low
38.7,82.0,114.5,19.08333333333333,0.0,0.0,2488.7482703085693,36.81398519343153,84.01428639135962,582320,1,Medium
15.8,35.4,50.3,8.383333333333333,0.0,0.0,2627.4965236008525,39.57238180079659,157.04159607398643,582320,1,Low
30.1,82.3,110.2,18.366666666666667,0.0,0.0,3047.762012843074,3.3834951788530683,20.957988942460727,582320,1,Medium
20.2,51.6,82.5,13.75,0.0,0.0,2280.604461578518,26.43661546785473,138.3302751016227,582320,1,Low
19.5,46.0,68.3,11.383333333333333,0.0,0.0,5984.354876310571,1.149028582384477,81.49202288862118,887978,0,Medium
5.6,11.8,18.6,3.1,0.0,0.0,2203.2590924142783,13.339394488125206,56.74352226392555,582320,1,Low
12.1,26.3,35.2,5.866666666666667,0.0,0.0,2621.77911680258,4.644631067275451,146.68504509762877,582320,0,Low
15.7,34.5,48.5,8.083333333333334,0.0,0.0,2862.2510138026546,10.342061372018716,176.86802927923512,582320,0,Low
50.7,116.3,157.8,26.3,0.0,0.0,2017.2800993362791,3.857217239408044,273.8953197286635,582320,1,Medium
86.62,188.08,266.84,44.47333333333333,0.0,0.0,4120.519776217567,4.679488775065277,6.522226903871511,142004,0,High
5.1,10.9,15.8,2.6333333333333333,0.0,0.0,2756.109566923355,1.7652885226644062,86.47627844207142,582320,0,Low
32.3,85.6,120.0,20.0,0.0,0.0,3144.101513447916,13.675803350385731,46.57352159505666,142004,1,Medium
24.16,30.26,65.9,10.983333333333334,0.0,0.0,9423.458128786897,20.78189879092011,598.1957202047812,887978,0,Low
90.54,234.47,363.03,60.505,0.0,0.0,2030.278390152375,1.895983448036565,135.00091327518555,2241624,1,High
50.8,114.5,155.1,25.85,0.0,0.0,2739.4553110863694,17.497405468711893,62.384482906221606,582320,1,High
48.21,110.04,168.22,28.036666666666665,0.0,0.0,1536.5781802474007,12.848827076206778,432.90141532989736,2241624,1,Low
36.7,87.0,131.5,21.916666666666668,0.0,0.0,2833.644088187001,8.597352280302136,85.14338924168986,582320,0,Medium
38.79,46.89,122.37,20.395,0.0,0.0,4186.617331020158,23.377547715189888,97.65541649800014,2241624,1,Low
3.9,9.9,14.5,2.4166666666666665,0.0,0.0,3057.8641320592697,11.662699615500994,30.11103124599269,582320,1,Low
82.87,128.41,178.49,29.74833333333333,0.0,0.0,2004.2691575425629,26.40013849837746,268.7916244957114,2241624,1,High
81.33,168.84,206.9,34.483333333333334,0.0,0.0,6122.0761543496765,23.418534147519228,468.7545681072647,1709346,1,High
8.8,20.4,32.1,5.3500000000000005,0.0,0.0,2855.636573278504,5.412210367805272,21.815973240898845,582320,1,Low
66.14,145.67,225.55,37.59166666666667,0.0,0.0,2009.087814067842,2.5691664959860683,62.12392691844536,887978,0,Medium
57.12,143.0,199.04,33.17333333333333,0.0,0.0,10453.950962882114,1174.2935820540558,932.5315328794818,887978,0,Low
3.3,6.9,9.9,1.65,0.0,0.0,3120.514143324034,27.392191164405773,58.3553946018372,582320,0,Low
94.81,227.88,353.7,58.95,0.0,0.0,7206.365103203175,130.96028080062294,127.56763474449244,887978,0,High
38.1,87.5,114.4,19.066666666666663,0.0,0.0,3391.965896063376,3.7049760184069154,143.82277098084907,582320,0,Medium
48.65,93.78,133.17,22.195,0.0,0.0,3082.0186638609107,31.95865595455915,67.63435258582287,2241624,0,High
2.9,6.0,8.9,1.4833333333333334,0.0,0.0,3153.706850000886,2.6941657425261445,67.48770345000462,142004,0,Low
4.3,10.2,16.2,2.7,0.0,0.0,2860.6949152667576,1.4155698818095803,14.22914330846952,582320,0,Low
75.47,127.35,209.6,34.93333333333333,0.0,0.0,2410.7164711846167,12.934154156419917,379.1600301676801,142004,0,Medium
12.4,25.0,33.9,5.65,0.0,0.0,3222.061262136407,5.540943529870054,71.67813780894622,582320,0,Low
2.7,5.4,7.0,1.1666666666666667,0.0,0.0,3305.9808799406023,1.7220118433437792,116.1295265746389,582320,1,Low
59.3,121.1,183.1,30.516666666666666,0.0,0.0,2856.611563770354,137.10041286010951,226.54839119076672,582320,1,Medium
5.15,12.09,17.18,2.8633333333333333,0.0,0.0,1516.517987772493,37.80700434601865,58.06443381613632,142004,0,Medium
34.7,70.5,98.4,16.400000000000002,0.0,0.0,2941.6790847892094,16.14896179305319,124.26895487492052,582320,0,Low
4.5,9.1,14.0,2.333333333333333,0.0,0.0,3088.2672313482244,3.3506467620430045,25.57058184643847,582320,0,Low
13.3,32.26,49.2,8.200000000000001,0.0,0.0,9147.535473928396,1196.7940566725206,234.3004327867584,2241624,1,High
32.1,81.8,115.6,19.266666666666666,0.0,0.0,2083.123458263476,8.241618815343124,244.80951738292683,582320,1,Medium
37.51,92.9,173.96,28.993333333333336,0.0,0.0,7435.02351440756,409.6673661489428,46.1205895960512,887978,0,Low
52.1,123.6,185.2,30.866666666666664,0.0,0.0,3087.1851478951808,46.536472642771606,181.83738210106893,582320,1,High
47.4,108.8,145.7,24.28333333333333,0.0,0.0,3832.4271713806224,15.52819927432668,68.94990865300204,1709346,1,Medium
8.0,20.4,31.3,5.216666666666667,0.0,0.0,2437.930332737992,4.947081155697751,27.02268680450621,582320,1,Low
6.0,13.8,21.4,3.5666666666666664,0.0,0.0,4837.228386736715,16.70056135242167,10.448431987937395,142004,1,Low
38.8,92.4,135.6,22.6,0.0,0.0,3301.0484721675352,37.16169885105164,31.46809502506851,582320,0,Medium
32.4,89.9,129.3,21.55,0.0,0.0,1960.073253709139,6.905882485273416,275.7044238946252,582320,1,Medium
2.7,6.5,8.9,1.4833333333333334,0.0,0.0,3268.4463214435264,7.392208895681552,16.975537281171263,582320,0,Low
48.7,113.4,147.7,24.616666666666664,0.0,0.0,3295.6041066600824,7.029378787322725,4.792078880383271,582320,0,Medium
48.1,136.8,193.6,32.266666666666666,0.0,0.0,2188.401228344234,14.223572312918114,165.0611164396732,582320,0,High
25.3,60.2,84.9,14.15,0.0,0.0,3338.343044400483,65.44221844459351,115.03285681729088,142004,1,Low
62.12,70.88,103.73,17.288333333333334,0.0,0.0,15289.3023563525,1795.4003741305662,521.6987658333769,2241624,1,Low
7.3,16.1,24.2,4.033333333333333,0.0,0.0,2940.5982522394024,15.916884372445786,29.523663434638102,582320,0,Low
4.1,8.7,13.1,2.183333333333333,0.0,0.0,2915.7260078155314,0.1923866361672759,177.29391230951606,582320,1,Low
26.8,62.8,93.7,15.616666666666667,0.0,0.0,2917.683460681692,21.058318872292503,165.3299804873723,582320,1,Low
13.7,30.1,44.4,7.399999999999999,0.0,0.0,1842.3360294841943,14.439830346451156,348.3023635466407,582320,1,Low
63.3,136.7,201.5,33.583333333333336,0.0,0.0,2821.289091498099,2.9399507818666284,5.145792105402456,582320,0,High
45.1,116.4,163.0,27.166666666666668,0.0,0.0,3860.67784637368,31.582514763828904,52.373073762208726,1709346,0,High
10.7,22.9,33.9,5.65,0.0,0.0,3341.277464566164,4.387256771556014,123.05848095423772,582320,1,Low
94.82,183.36,291.54,48.59,0.0,0.0,7515.690010026271,1254.557477963372,5.305399038315136,2241624,0,Medium
41.34,75.61,101.4,16.900000000000002,0.0,0.0,8394.664421469604,820.1600468101498,562.3718091103146,2241624,0,Low
60.4,134.6,193.9,32.31666666666667,0.0,0.0,3842.603002458304,1.177917739058216,70.74272007773853,1709346,1,High
9.2,26.1,40.8,6.8,0.0,0.0,2124.261608657902,12.841137466417804,263.1178234450681,582320,0,Low
46.0,94.7,129.5,21.58333333333333,0.0,0.0,2537.090238225799,12.287964870229246,141.45947376064132,582320,0,Medium
25.3,51.3,68.9,11.483333333333334,0.0,0.0,2175.6604107756907,22.6259936889971,218.33819069795945,582320,1,Low
54.5,130.4,190.5,31.75,0.0,0.0,2223.4136139157004,18.33698159478928,137.586853464968,582320,1,High
3.9,9.4,14.2,2.3666666666666667,0.0,0.0,2384.869786222506,15.268130133346444,137.19149036559477,582320,1,Low
32.4,73.1,111.0,18.5,0.0,0.0,2434.5651512119616,6.882319375480646,44.16565301161614,582320,0,Medium
23.3,52.3,68.4,11.4,0.0,0.0,2421.10333736997,6.490197289270096,36.046297887847984,582320,1,Low
2.2,6.1,8.8,1.4666666666666668,0.0,0.0,3017.025962358008,51.72113347120373,174.55778132672526,582320,1,Low
12.7,35.2,52.8,8.799999999999999,0.0,0.0,2358.0534019959623,36.53629994282326,57.95965923121523,582320,0,Low
51.9,130.1,176.6,29.433333333333334,0.0,0.0,3219.791105334401,10.560911509231495,53.19199948832439,582320,1,High
13.21,29.14,40.27,6.711666666666667,0.0,0.0,3634.176077857876,6.8187312041409305,289.17293027510584,2731929,1,Low
34.2,89.3,122.5,20.416666666666668,0.0,0.0,2670.280013470761,26.378916488639167,196.6576355738307,582320,0,Medium
16.2,39.6,54.9,9.15,0.0,0.0,3291.34279122791,8.378382231016916,28.70264383083096,582320,0,Low
98.72,232.83,362.1,60.35,0.0,0.0,8465.564639890043,311.97737414551614,832.5990182222891,887978,1,High
3.3,9.1,13.7,2.283333333333333,0.0,0.0,2878.554382462909,18.924004257749704,10.978983884794644,582320,1,Low
24.61,55.36,82.27,13.711666666666666,0.0,0.0,4646.240967672814,2.3272864357462324,20.06616797379706,2241624,0,High
8.6,23.5,35.2,5.866666666666667,0.0,0.0,2483.523785182516,6.284158927345558,38.97525127769381,582320,0,Low
25.9,65.9,98.2,16.366666666666667,0.0,0.0,2780.034962712092,5.23007867862448,57.22334481242928,582320,0,Low
35.2,87.2,121.9,20.316666666666663,0.0,0.0,3254.731783723012,13.280417245918471,172.13324782124292,582320,1,Medium
8.9,19.0,25.4,4.233333333333333,0.0,0.0,3160.508065129696,4.840302684187732,155.72036842348697,582320,0,Low
25.6,51.8,74.2,12.366666666666667,0.0,0.0,3496.907126461824,5.3027963443162935,9.915160775928456,1709346,0,Low
13.9,38.0,54.8,9.133333333333333,0.0,0.0,3099.0528009695568,4.2293017372273365,0.7076513667567609,582320,1,Low
63.03,131.67,209.94,34.99,0.0,0.0,9431.592530818554,239.27512189420287,23.96756153886386,1709346,0,High
65.3,131.5,210.3,35.050000000000004,0.0,0.0,3077.1046251924813,26.033061109558385,48.253426060600034,582320,1,High
37.7,85.7,134.4,22.4,0.0,0.0,3651.3815711106577,25.75492097811765,55.68858686207253,1709346,1,Medium
76.26,109.06,120.79,20.131666666666668,0.0,0.0,1164.3139191080743,2.70147023641604,278.5518899922423,2241624,1,Medium
22.0,47.2,72.2,12.033333333333331,0.0,0.0,2734.7515817957787,40.573802144182345,48.66637953497822,582320,1,Low
79.04,126.8,223.94,37.32333333333333,0.0,0.0,10908.155437950269,368.8862209128025,146.40951023330683,887978,0,Medium
25.2,56.6,81.2,13.533333333333331,0.0,0.0,8059.367534632595,22.74081271165175,60.285076340336765,2731929,0,Medium
50.17,123.27,176.06,29.343333333333334,0.0,0.0,3626.024103177352,8.000018304960193,32.91599302967123,887978,0,High
46.8,95.9,128.8,21.46666666666667,0.0,0.0,2702.404182287665,40.64441120484803,232.6725084315981,582320,1,Medium
7.3,16.8,22.1,3.6833333333333336,0.0,0.0,2482.2841670229955,23.377682900916167,15.648767906237172,582320,1,Low
26.33,66.75,83.4,13.9,0.0,0.0,12839.67355537265,2869.0572644462504,34.34652780007117,2241624,1,High
26.8,54.3,83.8,13.966666666666669,0.0,0.0,2415.2091855051226,4.424150351235231,76.53186588902136,582320,1,Low
43.0,98.3,133.8,22.3,0.0,0.0,2523.9931210671057,32.96832339814842,62.13482300752921,582320,1,Medium
8.6,17.6,24.1,4.016666666666667,0.0,0.0,2639.6266284451235,9.185703567212194,203.2767744511476,582320,1,Low
40.7,93.4,147.8,24.633333333333336,0.0,0.0,3370.039612576064,11.969891748109212,70.22066891043043,582320,1,Medium
4.1,9.7,14.9,2.4833333333333334,0.0,0.0,2931.364897080106,10.275203546617002,15.097489613950934,582320,1,Low
61.31,125.2,155.95,25.991666666666664,0.0,0.0,12724.876179067092,120.93797028328426,1592.53275537571,2241624,0,High
21.4,39.65,49.64,8.273333333333333,0.0,0.0,813.5866926551552,108.00485490257506,307.9413475748578,887978,1,Low
90.9,215.14,322.97,53.82833333333334,0.0,0.0,9378.529693724531,5.3510188112893164,124.77032413715352,1709346,1,High
19.8,51.7,73.1,12.183333333333332,0.0,0.0,2319.267884867515,5.778687716511113,246.09489044272087,582320,1,Low
40.45,96.43,110.26,18.37666666666667,0.0,0.0,13420.343386227303,2080.9611019124977,120.83337975299104,2241624,0,High
64.8,133.3,213.0,35.5,0.0,0.0,2305.0149663273887,7.450628174154137,140.0773182741615,582320,1,High
22.6,47.98,69.76,11.626666666666669,0.0,0.0,10717.742073681766,1.3334011635743082,256.6522282874618,887978,1,Low
28.6,77.4,117.0,19.5,0.0,0.0,3370.7548284906925,2.4785846146686,37.53012140923964,582320,0,Medium
38.3,104.8,152.1,25.35,0.0,0.0,2391.91266214433,15.72659542658282,30.3918339848088,582320,1,Medium
33.0,79.6,126.6,21.1,0.0,0.0,3290.4535247246263,1.7769090576206987,21.68893101711101,582320,0,Medium
61.9,135.0,208.0,34.666666666666664,0.0,0.0,3076.773703496175,17.880159988438947,40.16512817497589,582320,0,High
5.7,13.6,21.7,3.616666666666666,0.0,0.0,1759.6495295229342,21.92421350660249,758.1883989467959,1709346,0,Low
40.1,83.9,121.5,20.25,0.0,0.0,3266.6749115629163,38.52217597853407,9.663650733494062,582320,0,Medium
43.5,111.0,176.3,29.383333333333336,0.0,0.0,3051.601240167416,4.967910788835557,15.633790285678176,582320,0,Medium
46.7,100.5,135.8,22.633333333333336,0.0,0.0,3268.137175161791,64.23723318420646,9.766649032725832,582320,1,Medium
34.7,84.4,132.5,22.08333333333333,0.0,0.0,3247.540190191283,2.4787004163419213,141.23959668092306,582320,1,Medium
26.3,68.6,96.5,16.083333333333332,0.0,0.0,3365.500009610997,6.523688532972824,22.728943038098947,582320,1,Low
87.54,166.03,248.12,41.35333333333333,0.0,0.0,6823.425335753919,1606.4195887501564,66.0564371040833,1709346,0,High
83.42,143.29,202.73,33.788333333333334,0.0,0.0,8653.968274347802,168.81803800335604,158.5466432911063,887978,1,Medium
4.4,11.7,15.4,2.566666666666667,0.0,0.0,3204.907666549117,92.72495747740614,2.513241004722203,582320,0,Low
4.8,10.6,15.0,2.5,0.0,0.0,2681.0560437771846,76.71178241069252,149.43400832676517,582320,0,Low
25.0,54.5,81.9,13.65,0.0,0.0,2637.921610187272,7.308888573097517,129.98429282494422,582320,1,Low
27.7,59.1,84.6,14.1,0.0,0.0,1943.1807892807185,13.610795800643002,211.0705078774241,582320,0,Low
38.0,88.9,126.3,21.05,0.0,0.0,5081.192222930562,35.29210349963589,33.69088575139483,142004,1,High
69.9,139.9,217.1,36.18333333333333,0.0,0.0,3548.608747350307,37.0842751696354,101.2127745246836,1709346,0,High
2.6,7.1,10.0,1.6666666666666667,0.0,0.0,3238.3642514360704,31.564871207252985,36.14156431326702,142004,0,Low
40.9,86.1,135.9,22.65,0.0,0.0,2901.0552574514472,43.00860708217765,141.89315979744256,582320,0,Medium
48.2,123.9,161.4,26.9,0.0,0.0,3371.902751722851,14.803032019462536,117.59036832536404,582320,1,Medium
52.5,132.6,208.8,34.800000000000004,0.0,0.0,2568.058208524662,39.18424654384653,198.0775588034812,582320,1,High
78.29,166.49,224.44,37.406666666666666,0.0,0.0,3949.717533274953,0.9519136911636328,92.24438430067492,2731929,0,High
9.2,21.8,29.1,4.8500000000000005,0.0,0.0,2564.7440874045587,34.883488558968494,120.02081056141589,582320,1,Low
17.3,43.4,66.7,11.116666666666667,0.0,0.0,2015.6786600097107,49.04519027353825,258.6784472055066,582320,1,Low
28.7,60.6,96.5,16.083333333333332,0.0,0.0,2993.151623379328,10.985889293624933,130.46146841199672,582320,0,Low
6.8,16.0,22.8,3.8,0.0,0.0,3240.098008669958,2.588496733963465,72.47255955692015,582320,1,Low
24.1,61.8,96.5,16.083333333333332,0.0,0.0,2281.431780269503,29.44307311764162,42.12059384785061,582320,1,Low
49.98,118.63,152.86,25.47666666666667,0.0,0.0,3063.0117551251287,13.105351622288705,177.92512952903104,2731929,0,High
7.32,21.43,78.65,13.108333333333334,0.0,0.0,2044.8862330923005,5.438223625329631,139.59326114002863,582320,0,Low
4.6,10.4,15.4,2.566666666666667,0.0,0.0,2654.3929511631245,8.607218513394493,234.8304907796476,582320,1,Low
63.73,108.63,172.78,28.796666666666667,0.0,0.0,5860.194828862845,6.361539815019867,233.4491067470136,2241624,0,Low
31.34,71.39,114.0,19.0,0.0,0.0,4264.77175082284,60.23327841022407,496.7575681997923,142004,1,Low
21.1,42.3,60.0,10.0,0.0,0.0,3139.736361765505,6.113354116601386,134.15083326257164,582320,0,Low
14.39,71.05,130.91,21.81833333333333,0.0,0.0,7142.378031493816,97.19515987242518,203.7973465813805,2241624,0,High
26.1,52.3,80.8,13.466666666666669,0.0,0.0,2598.0993659830883,10.62585280934174,119.0210390836432,582320,0,Low
16.3,40.7,58.4,9.733333333333333,0.0,0.0,3294.216473236784,14.45235123645338,112.87647243103449,142004,1,Low
5.9,12.8,18.9,3.15,0.0,0.0,6237.925399315509,25.356443737968323,0.2767035823977753,887978,0,Low
5.9,13.1,20.4,3.4,0.0,0.0,3433.729527337317,26.23154218887312,134.9192318840403,582320,1,Low
25.9,52.9,71.5,11.916666666666666,0.0,0.0,3470.0072143935045,61.93782830033776,75.84758606503877,582320,0,Low
42.6,110.6,171.9,28.65,0.0,0.0,2338.280642045701,41.36141600876451,87.1673457735993,582320,0,Medium
7.4,17.0,24.7,4.116666666666666,0.0,0.0,2659.8041212474245,21.35463518600581,140.98048429377008,582320,1,Low
56.0,134.5,178.3,29.71666666666667,0.0,0.0,3282.211345580211,7.062842053513183,152.5343981036209,582320,0,High
4.7,12.2,18.2,3.033333333333333,0.0,0.0,2559.346058263673,12.411760148909824,142.0994435506673,582320,0,Low
10.2,27.6,40.5,6.75,0.0,0.0,2942.347902121369,3.889159631600136,53.16294078544565,582320,0,Low
38.7,93.7,123.8,20.633333333333333,0.0,0.0,3427.286354496652,4.8284524486158,8.293557522995513,582320,1,Medium
27.1,74.0,101.0,16.833333333333332,0.0,0.0,2421.746159751913,1.4795663296406685,132.0799102287013,582320,1,Medium
28.0,64.5,98.0,16.333333333333332,0.0,0.0,3357.5957760221268,80.70709801872816,74.21919545212445,142004,1,Low
44.0,109.2,142.7,23.78333333333333,0.0,0.0,2651.841989341672,19.21681826204712,91.5049403449534,582320,0,High
44.0,104.2,161.4,26.9,0.0,0.0,3120.2653244168937,19.693660211436143,159.54198961927162,582320,1,Medium
9.97,64.83,130.62,21.77,0.0,0.0,1404.5982598541143,17.776518825195605,500.3650522232938,2241624,1,Low
43.0,49.56,92.77,15.461666666666666,0.0,0.0,2108.035410526664,117.1538062979968,196.53701037659584,582320,1,High
11.1,22.5,31.1,5.183333333333334,0.0,0.0,2157.2727771197588,43.76540131522339,282.6109680973645,582320,0,Low
32.8,67.0,97.1,16.183333333333334,0.0,0.0,6350.298660146341,1.3050067409590342,96.18047502160512,887978,0,High
23.1,56.4,85.1,14.183333333333332,0.0,0.0,3131.438381032969,60.75760971757676,195.5435257545776,582320,0,Low
2.6,6.1,9.2,1.5333333333333332,0.0,0.0,2495.207063891665,17.439700558876496,122.37891747237104,582320,0,Low
51.9,128.9,196.2,32.7,0.0,0.0,2369.7389260813343,36.30450556742127,61.96317665965145,582320,1,High
11.1,26.7,41.2,6.866666666666667,0.0,0.0,2126.9479801345947,6.914722732281575,146.17112689032672,582320,0,Low
52.5,113.3,159.6,26.6,0.0,0.0,3088.9482866488493,92.52477435095236,225.8871261142402,582320,0,High
5.4,11.1,14.6,2.433333333333333,0.0,0.0,2614.0093836432943,16.068930046587667,132.6107258082041,582320,1,Low
14.2,32.0,42.5,7.083333333333333,0.0,0.0,2310.053285639579,2.4299566035379376,42.96945159450436,582320,1,Low
18.7,48.7,71.0,11.833333333333334,0.0,0.0,2781.4599965804064,41.76261363824185,231.8277926218864,582320,0,Low
66.83,154.68,241.19,40.19833333333333,0.0,0.0,3501.6774866468304,0.8994721207516562,50.75600751266168,142004,1,Medium
8.2,22.1,29.0,4.833333333333333,0.0,0.0,2661.9492600783024,45.90654117997368,177.4885603580539,582320,0,Low
81.21,174.0,215.44,35.906666666666666,0.0,0.0,7274.340225296694,1655.4010773718023,166.03147248627698,2241624,1,High
39.2,103.1,164.1,27.35,0.0,0.0,2398.891533884716,29.40098991047249,62.7693425877517,582320,1,High
8.6,17.6,22.9,3.8166666666666655,0.0,0.0,3000.5791859430083,31.358971823413945,65.63734920925438,582320,0,Low
7.32,14.3,20.23,3.3716666666666666,0.0,0.0,9339.12972091962,0.9735887009272096,218.34332168443288,1709346,1,Medium
40.6,97.4,146.6,24.433333333333334,0.0,0.0,3455.952038137621,28.841665884474605,32.59198138608218,582320,1,Medium
4.0,8.3,13.0,2.1666666666666665,0.0,0.0,2977.202388931123,0.2764458420546664,192.25620671190728,582320,0,Low
15.53,83.66,178.22,29.703333333333333,0.0,0.0,4599.135846239784,39.24884955576333,417.0189904490731,142004,1,High
29.6,82.5,117.4,19.566666666666663,0.0,0.0,2956.014397762792,44.60518765264749,242.31600720484715,582320,0,Medium
34.6,92.4,146.7,24.45,0.0,0.0,3294.4864906440152,36.56823346875956,30.988487983436777,582320,1,Medium
14.7,30.2,44.6,7.433333333333334,0.0,0.0,2990.327671089596,1.939154848203773,3.6832020525912825,582320,1,Low
32.4,84.8,121.2,20.2,0.0,0.0,3350.812311213243,28.45429527744013,39.26448077942931,142004,1,Low
16.5,40.6,61.5,10.25,0.0,0.0,2716.018329276771,1.43527772235472,134.17510409569033,582320,0,Low
17.3,46.6,67.7,11.283333333333331,0.0,0.0,3063.038803295939,72.09369531895936,199.94278471552195,582320,1,Low
56.6,102.29,153.43,25.57166666666667,0.0,0.0,11285.729339409923,636.7469470502747,2217.8673760839456,2241624,1,High
26.8,57.9,84.7,14.116666666666667,0.0,0.0,3015.3231053368627,1.4146464230271636,3.844673674451653,582320,1,Medium
49.12,82.53,158.54,26.42333333333333,0.0,0.0,12993.415770082374,2172.376995355704,17.297244459891957,1709346,1,Low
16.3,40.8,55.7,9.283333333333331,0.0,0.0,3005.9492159910537,39.337394005727575,55.55189738005606,582320,1,Low
5.5,11.8,18.6,3.1,0.0,0.0,3152.443014603436,35.14418065714919,100.40820920504308,582320,0,Low
14.1,34.5,52.1,8.683333333333334,0.0,0.0,2279.83619691328,3.8638912934858216,50.91253056541616,582320,1,Low
67.52,170.42,236.07,39.345,0.0,0.0,6158.333082204085,266.8900450898522,357.3610460851464,887978,0,High
31.9,78.9,120.2,20.03333333333333,0.0,0.0,1592.271759294513,8.585590295358067,592.5445792910855,2241624,1,Medium
61.65,73.29,146.89,24.481666666666666,0.0,0.0,4228.695555368054,94.4867062714864,381.5871122172336,2241624,0,Low
45.1,117.9,175.1,29.183333333333334,0.0,0.0,3110.4022147676515,11.712157931055254,154.7847867298117,582320,1,High
73.68,148.68,177.33,29.555000000000003,0.0,0.0,3966.3275850534433,17.37971460783886,917.2558336702292,3656539,0,High
6.0,12.1,17.0,2.833333333333333,0.0,0.0,3306.839492692926,8.690331896039833,24.855249999756065,582320,0,Low
39.5,81.8,120.6,20.1,0.0,0.0,3374.5129060445806,96.68185388227396,104.78478492767928,142004,1,Medium
34.82,62.61,151.02,25.17,0.0,0.0,9151.941366749235,0.239224286330142,39.08660808182641,887978,1,High
3.8,9.2,12.2,2.033333333333333,0.0,0.0,2527.1303445227672,6.633792444759755,1.3068024452241038,582320,0,Low
59.9,137.2,210.2,35.03333333333333,0.0,0.0,2279.760559756509,26.29324874132869,117.88155917444784,582320,0,High
31.1,85.9,112.5,18.75,0.0,0.0,2481.948529852634,10.45063843735536,18.463801036260573,582320,0,Medium
30.7,70.8,101.8,16.966666666666665,0.0,0.0,2798.565823740814,6.221590003496702,1.694307001436827,582320,0,Low
4.8,10.5,14.0,2.333333333333333,0.0,0.0,3595.0964137668984,29.40353888865831,33.41432660879822,582320,0,Low
3.4,8.0,11.9,1.9833333333333327,0.0,0.0,3086.578376678509,1.3255604223202038,37.47154881827653,582320,0,Low
75.32,185.88,285.22,47.53666666666667,0.0,0.0,10074.720839845912,1.507422676789351,15.158045926254868,2241624,1,Medium
5.4,12.7,19.1,3.1833333333333336,0.0,0.0,7915.987170701408,3.5338583754386206,74.15856417281475,2731929,1,Low
34.8,74.1,99.8,16.633333333333333,0.0,0.0,2586.5835741258325,55.48492398414701,116.8962970499752,582320,0,Low
6.5,14.7,21.8,3.633333333333333,0.0,0.0,2055.940331020064,2.1606391297417185,261.7424629299512,582320,1,Low
27.1,58.8,79.5,13.25,0.0,0.0,2432.2614855181178,26.38373544741232,15.453494051139492,582320,1,Low
26.3,58.0,86.1,14.35,0.0,0.0,3783.5998234131166,7.202345614311911,2.5321361164308565,1709346,1,Low
4.5,10.7,15.7,2.6166666666666667,0.0,0.0,3069.89583215154,4.3981147086457,90.8706737680355,582320,1,Low
45.3,98.6,130.7,21.78333333333333,0.0,0.0,2154.278039337536,25.326341479226176,223.18235093641783,582320,0,Medium
4.8,10.0,15.4,2.566666666666667,0.0,0.0,2058.159952251957,6.640345882849176,173.37907797166392,582320,1,Low
30.5,66.9,106.9,17.816666666666666,0.0,0.0,2455.06165890534,31.32595144773969,3.732231833375368,582320,1,Low
6.2,16.0,24.9,4.15,0.0,0.0,2404.4924457109164,32.789356015982264,54.93015849741976,582320,1,Low
9.7,21.3,29.3,4.883333333333334,0.0,0.0,2901.0883300417063,17.134504542722475,124.2764430137572,582320,1,Low
56.5,124.3,171.2,28.53333333333333,0.0,0.0,2582.8962733962194,14.00141903140139,99.35604880979756,582320,1,High
48.86,115.33,173.12,28.85333333333333,0.0,0.0,1815.7867759024,9.922605506228765,61.94038065975761,2241624,1,High
20.63,47.9,66.35,11.058333333333332,0.0,0.0,6284.710608321712,13.30616210686664,23.32136099519672,142004,0,Low
52.0,110.9,172.9,28.816666666666663,0.0,0.0,7913.8765903430685,28.76967183209888,51.21506268680429,2731929,0,High
34.1,79.1,115.6,19.266666666666666,0.0,0.0,2216.54268256893,34.62421142928201,32.976700756855315,582320,0,Medium
26.2,61.0,86.0,14.333333333333334,0.0,0.0,3012.3416201206505,14.856518888418426,132.08449861890423,582320,1,Low
45.51,83.89,137.74,22.956666666666667,0.0,0.0,9695.841272007565,108.93116471201463,478.46313005129934,887978,0,Low
9.2,20.1,27.4,4.566666666666666,0.0,0.0,3128.468743187241,41.20571690322878,190.5869818649575,582320,1,Low
34.7,73.8,109.5,18.25,0.0,0.0,2261.3962137121966,7.623290384682335,5.084684828632063,582320,0,Low
23.3,60.7,89.3,14.883333333333333,0.0,0.0,2704.459855756452,98.89188649866225,173.12473169210222,582320,0,Low
3.7,9.1,13.4,2.2333333333333334,0.0,0.0,2789.8482300741,81.85988003572704,166.54711528575973,582320,1,Low
58.2,125.7,183.6,30.6,0.0,0.0,8532.610059348986,2.0689336064910187,14.585732580220569,2731929,0,High
24.2,56.7,82.4,13.733333333333334,0.0,0.0,2747.958845720562,98.60890203483028,197.63343666865185,582320,0,Low
5.8,16.5,23.0,3.8333333333333335,0.0,0.0,3003.438790882096,6.321579695308637,2.763307285911274,582320,0,Low
57.79,78.89,102.36,17.06,0.0,0.0,5907.18098799371,50.37962493966451,95.54265964194109,887978,1,Medium
13.6,30.9,44.8,7.466666666666666,0.0,0.0,2506.0593810105165,4.26692027573224,7.12854112372465,582320,0,Low
18.04,45.28,56.1,9.35,0.0,0.0,13554.076771031418,485.8385353646242,764.0670941942227,2241624,1,Low
59.2,139.4,222.7,37.11666666666667,0.0,0.0,2425.829580372741,18.274463406743944,242.5382009146564,582320,1,High
7.35,13.73,20.38,3.3966666666666665,0.0,0.0,8355.453009083069,1739.1864774799874,60.73659648766423,2241624,0,Low
49.6,99.4,147.2,24.53333333333333,0.0,0.0,2120.367559892447,2.3317636349631656,320.80671726302546,2543243,1,High
46.0,97.0,137.5,22.916666666666668,0.0,0.0,2995.744322313473,3.9866217704022735,94.44951621304692,582320,1,Medium
18.9,44.3,58.4,9.733333333333333,0.0,0.0,2679.093967333308,6.675488907980705,114.03830041449288,582320,1,Low
83.39,96.71,188.89,31.481666666666666,0.0,0.0,15505.315209196253,799.2956624823372,1674.353855179768,2241624,0,Medium
14.2,36.6,51.7,8.616666666666667,0.0,0.0,3033.352908667769,5.597933987448854,14.981768853393916,582320,1,Low
2.3,6.3,8.4,1.4,0.0,0.0,2733.629711464306,23.632069680481568,0.4492976589471188,582320,0,Low
44.9,110.1,167.7,27.95,0.0,0.0,2998.009426328622,10.867373241093771,18.87245340817031,582320,1,Medium
18.4,38.5,54.5,9.083333333333334,0.0,0.0,2790.136713110567,15.56123968495861,171.8546859913016,582320,1,Low
47.2,101.3,148.1,24.683333333333334,0.0,0.0,3075.6375283068214,6.242172840353847,53.71402068691714,582320,1,Medium
54.6,113.6,152.2,25.366666666666664,0.0,0.0,2891.0157744093417,35.51663997627156,150.777168606359,582320,0,Medium
23.2,64.0,98.9,16.483333333333334,0.0,0.0,3026.5332172305657,14.536966253260395,31.04715193595837,582320,0,Low
52.7,111.7,167.6,27.933333333333334,0.0,0.0,3399.6781415406967,27.79009433740808,15.815398914074954,582320,0,Medium
42.74,88.61,163.71,27.285,0.0,0.0,4943.878063639573,15.936036419534425,301.8915567607899,2241624,1,High
2.7,5.9,8.0,1.3333333333333333,0.0,0.0,3188.49817000048,1.6277804690735302,63.69467649874475,582320,0,Low
40.0,110.0,169.3,28.21666666666667,0.0,0.0,2596.0807901805024,23.3536603333919,143.7033486063344,582320,1,High
49.8,104.5,151.6,25.266666666666666,0.0,0.0,2868.5789121866087,15.150923085080915,79.57714149349319,582320,0,High
37.6,85.9,132.5,22.08333333333333,0.0,0.0,2215.8107955433043,27.16444007031673,124.8710220784122,582320,0,Medium
27.5,77.5,107.2,17.866666666666667,0.0,0.0,2610.8710692228806,2.876645510340629,157.5935569931403,582320,0,Medium
7.9,21.7,33.3,5.55,0.0,0.0,2225.81084327202,33.39649902242251,85.62071979756229,582320,0,Low
55.3,133.4,174.8,29.133333333333336,0.0,0.0,3005.485108221057,13.71210922516331,132.18465808905285,2731929,1,High
33.1,76.5,100.5,16.75,0.0,0.0,3248.9864407788136,21.03939815883841,32.25358911424177,582320,0,Medium
25.4,51.1,71.6,11.933333333333332,0.0,0.0,2818.7587564470105,41.39371553698961,9.68930888969792,582320,1,Low
43.6,118.8,162.6,27.1,0.0,0.0,3388.945253584509,70.73250896026114,5.686782897729014,142004,1,High
2.0,5.2,6.8,1.1333333333333333,0.0,0.0,8204.170898932187,39.78112101819331,272.3156632752464,2731929,0,Low
2.5,6.4,9.6,1.6,0.0,0.0,3158.502814976852,36.12753182235922,105.67877361250294,582320,1,Low
2.3,6.6,10.4,1.7333333333333334,0.0,0.0,2109.3203646119086,7.140139549136947,46.867328089267886,582320,1,Low
5.7,13.2,20.7,3.45,0.0,0.0,3488.084234388564,3.916413718722745,6.469487214020271,582320,0,Low
13.4,27.4,38.2,6.366666666666667,0.0,0.0,1985.956441511692,17.901344604081313,344.89233715802766,582320,1,Low
52.33,94.88,147.96,24.66,0.0,0.0,10541.927644509033,814.9483872565935,319.32706535404327,887978,1,Medium
21.9,58.0,82.0,13.666666666666666,0.0,0.0,2951.0037022716083,19.796713981455667,23.61573462445722,582320,1,Medium
34.0,80.1,125.4,20.9,0.0,0.0,3201.7590189345574,5.467259984676804,69.12140936444906,582320,1,Medium
54.19,104.66,178.69,29.781666666666663,0.0,0.0,14676.594377487969,4254.04198872604,165.97511151089938,2241624,1,Medium
22.8,46.7,71.5,11.916666666666666,0.0,0.0,2986.2084759820764,19.517842335127288,111.201707608104,582320,0,Low
18.0,41.7,63.4,10.566666666666666,0.0,0.0,3271.077104792606,10.232394246159124,28.860075280975785,582320,0,Low
75.51,135.31,201.55,33.59166666666667,0.0,0.0,16753.618074984086,4697.5599535058045,164.0268069944629,2241624,0,High
29.7,70.0,97.0,16.166666666666668,0.0,0.0,4382.157043358115,2.556818570397712,39.05730487327824,887978,1,High
6.2,15.9,20.9,3.483333333333333,0.0,0.0,3309.1020749103373,24.39035784263132,29.511752929681503,582320,1,Low
14.92,33.21,44.87,7.478333333333333,0.0,0.0,8110.686234976156,7.193438459419763,138.65225486497994,887978,1,Low
8.6,18.5,25.3,4.216666666666667,0.0,0.0,3489.0291550401253,44.5286038285016,13.6154848524743,582320,1,Low
35.2,80.1,119.5,19.916666666666668,0.0,0.0,2374.928035891928,18.72457400748582,123.34833159155036,582320,1,Medium
22.4,59.9,95.8,15.966666666666669,0.0,0.0,3129.937133084563,67.64684615677062,46.47753557570736,582320,1,Low
16.3,37.6,53.3,8.883333333333333,0.0,0.0,3766.9541189602655,21.84672676873149,54.13468388868581,1709346,0,Low
15.39,27.9,41.76,6.96,0.0,0.0,975.9219965518826,3.0349487198523377,16.16806189626032,2241624,1,Medium
4.1,11.2,16.7,2.783333333333333,0.0,0.0,2464.611318446927,111.79366499301612,1.6137998204225528,887978,0,Low
35.1,94.4,126.0,21.0,0.0,0.0,3190.927039535939,38.84078905739656,1.8096340740930856,582320,1,Medium
15.9,42.2,57.4,9.566666666666666,0.0,0.0,2546.7847050784108,16.27775239793361,61.85587143939711,582320,0,Low
38.9,85.0,111.8,18.633333333333333,0.0,0.0,2463.7597332646224,8.341880221441357,1.974162544735849,582320,1,Low
10.79,16.93,82.38,13.73,0.0,0.0,12110.2892706223,1701.9443696326216,26.144266611958496,1709346,0,Medium
19.2,51.8,73.0,12.166666666666666,0.0,0.0,3499.723201416776,34.99629157909042,27.18965682109445,582320,1,Low
6.1,12.5,17.3,2.8833333333333333,0.0,0.0,2827.661896799944,18.47208313058771,1.955442428883993,582320,1,Low
53.6,134.8,212.1,35.35,0.0,0.0,3227.26325862267,7.71233722378018,32.69444785966038,582320,0,High
53.0,119.9,183.6,30.6,0.0,0.0,2516.876347993803,0.083991892068473,31.9954266747237,582320,1,High
18.8,53.1,75.3,12.55,0.0,0.0,2886.787142316119,5.227313424077823,151.504844067341,582320,1,Low
65.41,150.25,217.64,36.27333333333333,0.0,0.0,13746.4889814795,2901.8384853862503,73.95428313829747,2241624,0,Medium
56.2,115.1,153.4,25.566666666666663,0.0,0.0,2711.712086566153,39.125950050897394,55.905780108806034,582320,0,Medium
27.33,60.67,74.18,12.363333333333337,0.0,0.0,8773.85241877507,79.11644613446929,7.953971957290539,2731929,0,High
34.57,62.28,130.56,21.76,0.0,0.0,2805.847315296583,9.04855848251606,61.51758905497257,2731929,0,High
6.2,16.4,24.2,4.033333333333333,0.0,0.0,1096.9073691870444,1.967027193985931,36.29236882744248,887978,0,Low
33.5,68.7,107.5,17.916666666666668,0.0,0.0,3193.4792981141136,23.76812002704535,61.57155879693899,582320,0,Low
32.9,69.4,104.1,17.349999999999998,0.0,0.0,3721.5305220615655,3.520833784465472,182.171479846463,142004,0,Medium
40.6,83.0,130.0,21.666666666666668,0.0,0.0,2949.554194547882,7.23096752030291,14.81801521155281,582320,1,Medium
12.7,25.4,33.5,5.583333333333333,0.0,0.0,2566.8954440034104,26.3766778126446,114.40807494295451,582320,0,Low
25.6,51.4,79.6,13.266666666666666,0.0,0.0,2887.875692509111,24.99018207669332,43.23260803872605,582320,1,Low
61.4,137.0,209.8,34.96666666666667,0.0,0.0,2684.9656650753604,8.382648640683286,201.8904372719776,582320,0,High
21.1,48.7,72.2,12.033333333333331,0.0,0.0,2953.991422599148,0.3325853623066527,97.36628829059111,582320,0,Low
48.2,111.3,146.0,24.33333333333333,0.0,0.0,3077.4030480159777,27.24924517073501,119.57000597605584,582320,0,High
47.63,93.65,149.22,24.87,0.0,0.0,2351.284308248656,21.62810513215896,133.40269125609237,142004,1,High
57.02,111.78,136.51,22.751666666666665,0.0,0.0,9583.065230028837,211.80982173862736,623.7343399014001,887978,1,High
99.69,205.67,316.83,52.805,0.0,0.0,4585.730464671688,51.412082549129806,282.30469933096407,142004,0,High
26.2,73.2,96.4,16.066666666666666,0.0,0.0,2863.6910323489305,2.112583079758886,4.216083819326201,582320,1,Low
4.3,9.7,13.9,2.316666666666667,0.0,0.0,2522.834397562556,14.48641484779066,75.34041631007359,582320,0,Low
23.3,48.9,66.1,11.016666666666666,0.0,0.0,2122.69151797257,14.230408370806744,119.26354360714396,582320,1,Low
3.2,6.5,9.6,1.6,0.0,0.0,2727.092026482716,45.29054166328036,52.91854210588145,582320,0,Low
6.8,15.4,22.6,3.766666666666667,0.0,0.0,3121.0170341496028,7.340286515538991,58.84225063530429,142004,1,Low
13.7,35.7,55.9,9.316666666666666,0.0,0.0,2481.3044630245,2.314917987204665,23.847994809753864,582320,0,Low
20.3,54.5,80.3,13.383333333333333,0.0,0.0,2672.9733967274724,12.259310258509146,7.849900356581923,582320,1,Low
47.6,111.1,159.8,26.633333333333336,0.0,0.0,3427.718442024628,27.895337723849146,61.05000834932377,1709346,1,High
35.0,71.9,96.9,16.150000000000002,0.0,0.0,3056.675447220541,26.3034318740878,34.216651549826665,582320,1,Medium
55.5,108.66,145.48,24.246666666666663,0.0,0.0,7819.444717042406,66.73346194166292,246.3066774762367,1709346,0,High
48.89,125.01,223.32,37.22,0.0,0.0,7390.038378504105,13.209498332704886,121.12737393768242,2731929,1,High
20.6,46.9,71.1,11.85,0.0,0.0,2385.7769053423613,8.67779384096254,87.54024855760676,582320,1,Low
41.01,86.1,126.21,21.035,0.0,0.0,1990.53262298614,18.35426877610804,291.4356885662068,582320,0,Low
51.91,88.23,104.81,17.468333333333334,0.0,0.0,7011.483834464911,2.54833381702833,48.03314070891879,1709346,1,Low
19.7,51.2,72.2,12.033333333333331,0.0,0.0,3385.57019129905,4.026642470546844,34.024939523050215,582320,1,Low
9.3,19.9,26.6,4.433333333333334,0.0,0.0,3216.231366467484,18.408430381158503,15.896209901286426,142004,0,Low
25.1,55.7,81.4,13.566666666666668,0.0,0.0,2621.755920032091,37.71698648037841,136.90145125731752,582320,1,Low
6.6,16.4,24.5,4.083333333333333,0.0,0.0,3082.253473875005,4.438575058311642,1.212687915045393,582320,1,Low
61.0,132.9,197.0,32.833333333333336,0.0,0.0,2597.080631006772,52.753023321486985,225.19420485776425,582320,1,High
44.0,66.59,98.85,16.474999999999998,0.0,0.0,4298.364290238967,3.32492140671773,72.2285694258894,887978,1,High
19.5,42.0,56.4,9.4,0.0,0.0,2132.052665286493,9.027803488313618,130.12959649506317,582320,0,Low
6.2,12.8,18.1,3.016666666666667,0.0,0.0,2791.614313167175,105.79821116851105,230.5746540510231,582320,1,Low
14.3,34.2,45.3,7.55,0.0,0.0,3445.914932654229,3.0346144456400395,63.117369033751714,582320,1,Low
85.71,201.91,277.85,46.30833333333334,0.0,0.0,5794.931421784857,52.40635727367073,92.76947833805576,1709346,0,High
31.4,86.4,116.7,19.45,0.0,0.0,3209.5935351077333,3.439215624357771,3.3619062923240204,582320,1,Medium
2.6,6.4,8.9,1.4833333333333334,0.0,0.0,2011.502730771199,32.36925739986819,238.7337594366365,582320,1,Low
28.3,71.2,113.4,18.9,0.0,0.0,2441.9190740394806,15.707259766095174,99.481169075463,582320,0,Low
11.3,26.8,39.2,6.533333333333334,0.0,0.0,2644.5248537066327,14.786994099415873,163.26733970579892,582320,0,Low
59.3,119.5,156.6,26.1,0.0,0.0,3352.4247991408765,1.0735131078624756,118.7797184780376,582320,0,High
14.6,33.9,51.6,8.6,0.0,0.0,3020.7845907073047,23.37928982114535,121.1319761630937,582320,1,Low
92.89,164.84,197.13,32.855,0.0,0.0,3161.678096573672,4.123507508534598,13.353669268973787,142004,0,High
12.4,27.9,43.0,7.166666666666667,0.0,0.0,2600.318643014941,0.4453422342733786,119.77916250793028,582320,0,Low
29.8,83.1,109.0,18.166666666666668,0.0,0.0,2791.2471753267714,22.024546839675427,41.12972852953308,582320,1,Medium
7.1,15.8,21.8,3.633333333333333,0.0,0.0,3053.363908239554,7.247493740000836,41.97057278969602,582320,0,Low
56.3,114.9,183.1,30.516666666666666,0.0,0.0,2595.995547190932,17.54082184471499,157.09543661833408,582320,0,High
60.21,99.46,193.57,32.26166666666666,0.0,0.0,8318.249617208245,15.280859901037266,92.6606644077484,887978,0,High
2.9,8.1,11.3,1.8833333333333333,0.0,0.0,2739.807084897895,108.50042295306804,236.67645216131564,582320,0,Low
97.63,105.14,174.0,29.0,0.0,0.0,9244.807791742802,0.4493988400831126,572.98280472601,887978,1,High
7.2,19.9,31.8,5.3,0.0,0.0,2388.797585105431,21.94198234266709,16.077876674068573,582320,0,Low
56.19,132.2,178.95,29.825,0.0,0.0,4081.443167221381,117.14422359162792,421.4687049859237,2731929,1,Low
30.8,63.0,89.0,14.833333333333334,0.0,0.0,2978.826892172396,2.8405848803880973,4.585395610101222,582320,0,Low
31.4,87.3,139.0,23.166666666666668,0.0,0.0,2496.0776478671523,9.884458258745816,36.95094258679278,582320,0,Medium
23.1,48.0,75.3,12.55,0.0,0.0,2182.9354325179465,3.766715300472973,150.96630291125246,582320,1,Low
62.1,137.1,217.6,36.266666666666666,0.0,0.0,2768.082191827544,38.125164419248165,228.83786518813704,582320,1,High
37.9,97.2,149.1,24.85,0.0,0.0,2781.882329596772,18.219570541492946,72.90681892935538,582320,1,Medium
7.8,20.2,31.6,5.266666666666667,0.0,0.0,3387.82216133208,26.45034039294481,13.076592027016408,142004,1,Low
8.9,17.9,28.2,4.7,0.0,0.0,2874.811566253321,15.697893485712534,82.88026010020322,582320,0,Low
8.8,24.6,32.7,5.45,0.0,0.0,3277.4134386431324,15.75945471366929,22.00319417536584,582320,0,Low
24.4,68.3,97.4,16.233333333333334,0.0,0.0,2635.609974727761,4.911378970852552,132.4454034489761,582320,1,Medium
28.7,61.1,91.0,15.166666666666666,0.0,0.0,3332.18092631985,1.3273970112288351,81.66647319916208,582320,1,Low
28.7,80.8,119.6,19.933333333333334,0.0,0.0,2992.569275244017,9.341375425251677,256.4557149165686,582320,0,Medium
35.2,87.7,127.4,21.23333333333333,0.0,0.0,1892.2243067277443,7.005475698412717,230.9312718554115,582320,0,Medium
38.09,86.92,121.72,20.286666666666665,0.0,0.0,10777.768370556283,183.57579986380395,67.05455085914902,1709346,0,High
77.03,128.19,201.53,33.58833333333333,0.0,0.0,4389.398410689009,33.130960459824266,53.03276799706634,2241624,0,High
51.1,127.6,183.8,30.633333333333336,0.0,0.0,2880.105390505887,96.81400223202849,190.8691223828003,582320,0,High
43.8,115.9,181.5,30.25,0.0,0.0,1967.1882058522344,5.729518861990959,266.500252950694,582320,1,Medium
32.2,66.2,103.1,17.183333333333334,0.0,0.0,3020.704248828559,25.76297519124817,32.568484467323415,2731929,1,High
24.2,63.9,90.9,15.15,0.0,0.0,3243.9917841158244,48.53476239657348,24.633170385863725,582320,1,Low
14.4,39.2,57.2,9.533333333333331,0.0,0.0,3177.430772136448,41.5818717452287,89.89263428525456,582320,1,Low
28.6,63.3,93.0,15.5,0.0,0.0,2742.6599269289504,5.125911436165924,12.114883141985434,582320,0,Low
93.1,167.6,232.39,38.73166666666666,0.0,0.0,3530.2400890796416,9.380227850637729,306.7028022102704,2241624,1,High
35.43,78.43,103.44,17.24,0.0,0.0,7226.082309611632,185.48918894721825,1.563358453705755,1709346,0,Low
45.0,118.2,165.9,27.65,0.0,0.0,2551.3733735135465,49.59221946701404,130.65563723683942,582320,1,Medium
8.0,18.8,26.8,4.466666666666667,0.0,0.0,3300.9748409659287,15.600760728871622,79.75822587889527,582320,0,Low
23.86,46.65,63.22,10.536666666666669,0.0,0.0,6883.150402440652,32.705680935661285,450.589087663116,1709346,1,Low
32.0,87.7,130.3,21.71666666666667,0.0,0.0,2633.2775105697683,37.37979786842693,1.0424548937784734,582320,0,Medium
31.6,85.6,120.1,20.016666666666666,0.0,0.0,2855.641831727772,12.031034214334056,46.89041454193825,582320,0,Low
27.6,66.8,87.0,14.5,0.0,0.0,2883.34832793891,53.9470936073508,167.65506217772523,582320,1,Low
76.69,157.45,248.18,41.36333333333334,0.0,0.0,343.8510396908843,15.550346429144572,190.57988413609704,887978,0,High
36.2,96.7,138.7,23.116666666666664,0.0,0.0,2850.2425136441,19.815148701905443,38.37436314977237,582320,1,Medium
6.0,13.9,18.2,3.033333333333333,0.0,0.0,2430.606717496606,1.999594749247482,34.521453316687946,582320,1,Low
18.08,40.53,48.77,8.128333333333334,0.0,0.0,3433.7626457312576,16.47379662887386,120.43053397139973,142004,1,Medium
8.2,21.3,29.2,4.866666666666666,0.0,0.0,2548.534865680608,21.18649998647575,116.25408288171327,582320,0,Low
7.8,21.8,32.3,5.383333333333333,0.0,0.0,2483.455173967041,13.164542605408208,45.82835343333554,582320,1,Low
8.4,17.6,25.8,4.3,0.0,0.0,2532.5936254389253,24.13676319612473,133.74942781683365,582320,0,Low
43.9,105.1,147.8,24.633333333333336,0.0,0.0,2593.457905419628,18.68951443343309,16.300931130806813,582320,1,Medium
26.5,62.2,85.9,14.316666666666668,0.0,0.0,3109.7920616998463,26.91235921552268,160.32621670264746,582320,0,Low
29.1,68.2,104.8,17.466666666666665,0.0,0.0,2321.135746667878,35.37350667646733,124.83810414304926,582320,0,Medium
19.9,46.7,70.8,11.8,0.0,0.0,3325.814246770909,14.244262740593634,141.87776352036423,582320,0,Low
20.51,77.87,115.98,19.33,0.0,0.0,2563.4477657771754,50.48261711008064,434.365940923459,142004,1,High
20.2,45.8,70.1,11.683333333333332,0.0,0.0,3186.2645746940543,20.486928902214675,17.747462978647917,582320,0,Low
43.2,103.5,156.4,26.066666666666663,0.0,0.0,3614.2082985761513,24.88521410099425,43.21018260283963,582320,1,Medium
6.3,13.7,21.1,3.516666666666667,0.0,0.0,2506.0216609737213,0.1244980970160385,31.3816777325859,582320,1,Low
49.4,103.0,163.5,27.25,0.0,0.0,3518.710883227164,7.397217821822275,38.184533885809245,142004,1,Medium
32.3,71.3,107.1,17.849999999999998,0.0,0.0,2784.193679256185,22.70652667646848,5.343336424728576,582320,1,Low
44.8,126.9,195.9,32.65,0.0,0.0,2486.1877991544866,22.877943916422144,81.01045197054734,582320,0,High
37.3,76.1,103.6,17.266666666666666,0.0,0.0,3239.5622354084594,2.2142941164180163,54.12481747261065,582320,0,Medium
33.8,71.2,92.8,15.466666666666669,0.0,0.0,2734.155700564987,28.17632201940257,40.78913796895645,582320,1,Low
9.6,26.1,41.3,6.883333333333333,0.0,0.0,3071.800548642507,1.2080816375051635,0.973855547393428,582320,1,Low
21.2,47.9,75.3,12.55,0.0,0.0,989.4304414328948,1.291235819284903,385.59117683957726,2292958,1,Medium
7.5,17.3,23.0,3.8333333333333335,0.0,0.0,3565.947493365892,4.115854346923942,45.83855915423115,142004,0,Low
3.8,8.0,11.8,1.9666666666666668,0.0,0.0,2615.954694348753,34.13383556738785,36.68201808196702,582320,1,Low
44.66,103.58,156.48,26.08,0.0,0.0,9571.376544901945,93.99418114074966,577.2587434836731,887978,0,Low
16.0,44.5,62.4,10.4,0.0,0.0,2428.104978342818,21.50984134507316,199.7756659991834,582320,1,Low
19.4,47.5,64.8,10.8,0.0,0.0,3255.7922483720204,19.831881741802267,13.220534612252688,582320,1,Low
21.01,47.96,60.81,10.135,0.0,0.0,7135.245004781376,18.629158643807617,84.89393115698408,1709346,0,Low
11.1,25.4,40.2,6.7,0.0,0.0,3251.5120369007645,3.4038826769449524,159.42943609777504,582320,1,Low
32.7,91.7,125.2,20.866666666666667,0.0,0.0,3246.359695787824,31.103572795133783,35.619964351160405,142004,1,Medium
80.08,155.55,251.0,41.833333333333336,0.0,0.0,11252.495123085837,69.42531598863451,920.62185194044,2241624,1,Medium
8.0,19.8,27.1,4.516666666666667,0.0,0.0,3069.6474751556,25.46050129203602,110.90231704670644,582320,0,Low
14.8,42.1,56.6,9.433333333333334,0.0,0.0,1918.8871999090952,2.400761139157228,223.23059400136188,582320,1,Low
21.3,52.1,72.4,12.066666666666668,0.0,0.0,2785.7318547749164,47.451895236484575,237.246980386552,582320,1,Low
54.1,116.5,184.2,30.7,0.0,0.0,1983.719195549666,13.393783467357006,254.4521040207892,582320,1,Medium
14.7,37.7,59.0,9.833333333333334,0.0,0.0,2561.6362808662693,0.1005049718683335,110.09245462945742,582320,0,Low
5.8,16.4,26.0,4.333333333333333,0.0,0.0,2832.460590008085,26.01317192397835,214.029786416734,582320,1,Low
23.4,51.2,73.6,12.266666666666666,0.0,0.0,2786.207433196976,36.60206896553118,142.2930520047673,582320,0,Low
22.0,44.5,70.2,11.7,0.0,0.0,3523.9246837979144,61.48455208131172,0.149076565048372,582320,0,Low
30.2,71.2,109.4,18.23333333333333,0.0,0.0,2101.2747913842827,12.713815271924236,135.56849823455747,582320,0,Low
96.2,157.16,255.4,42.56666666666667,0.0,0.0,3791.675964504193,10.010672069379243,95.18930138959512,2731929,0,Low
67.8,136.4,178.4,29.73333333333333,0.0,0.0,2309.517064021564,34.8227003858709,113.38135909788105,582320,0,High
34.9,80.8,106.1,17.683333333333334,0.0,0.0,2520.093715275428,7.475769603260054,71.01114042815357,582320,1,Medium
32.3,77.5,116.5,19.416666666666668,0.0,0.0,2989.645127944833,7.829095444643581,42.42715798261869,582320,1,Medium
10.7,24.9,34.7,5.783333333333334,0.0,0.0,2846.029926085996,48.695669865346254,203.94409238994243,582320,1,Low
39.1,104.7,142.3,23.71666666666667,0.0,0.0,2175.0567807485204,41.53311232724632,135.52707067284896,582320,0,Medium
35.0,70.7,100.1,16.683333333333334,0.0,0.0,3002.6533208887467,16.439730177274207,8.553675653668225,582320,0,Medium
17.3,35.1,55.2,9.2,0.0,0.0,2660.6827550859257,4.107605407288516,205.992098311536,582320,0,Low
17.4,35.5,46.7,7.783333333333334,0.0,0.0,2608.580314604098,14.276098107010183,176.12475595736055,582320,1,Low
65.73,139.47,195.39,32.565,0.0,0.0,13817.731286212236,1557.449465685987,246.64474677778668,2241624,1,High
96.57,179.92,221.07,36.845,0.0,0.0,4157.307646658466,14.408388610945105,148.2167785790976,142004,1,Medium
14.1,39.0,58.6,9.766666666666667,0.0,0.0,2882.489858195007,18.59294831713188,76.21239184407396,582320,0,Low
37.3,76.5,121.4,20.23333333333333,0.0,0.0,3181.5390539280447,11.04351604180356,76.3433501893199,582320,1,Medium
9.6,19.6,27.5,4.583333333333333,0.0,0.0,2784.0220198608727,24.385842499356308,64.24996529914984,582320,1,Low
11.0,23.9,34.3,5.716666666666666,0.0,0.0,3064.812496021766,26.02118896317817,81.02836585777948,582320,0,Low
49.5,117.1,165.3,27.55,0.0,0.0,3093.5014907911964,18.276647533260395,83.85964220294015,582320,1,High
50.61,94.17,144.0,24.0,0.0,0.0,10296.187650473012,2324.142758974693,492.1659363343118,2241624,0,High
30.8,68.1,93.3,15.55,0.0,0.0,2677.9920096124624,11.692886201607994,120.48930178936448,582320,1,Low
4.1,11.2,16.8,2.8000000000000003,0.0,0.0,3300.0306868237344,31.1008720676125,24.38908348014304,142004,1,Low
5.9,14.4,18.9,3.15,0.0,0.0,2940.14354726223,0.8566233390768438,37.14753021075722,582320,0,Low
44.3,100.8,159.5,26.58333333333333,0.0,0.0,2634.55715900772,9.82240082977332,95.1259744688895,582320,1,Medium
55.7,114.2,157.2,26.2,0.0,0.0,2357.632532728965,8.290576670769745,68.13860243525903,582320,0,Medium
32.4,76.7,112.1,18.683333333333334,0.0,0.0,2809.0319338363493,0.9983037898728068,42.58324947846257,582320,0,Medium
2.1,5.7,7.6,1.2666666666666666,0.0,0.0,3365.9436609621075,1.5628500573635205,17.506331499795053,582320,0,Low
8.0,18.0,23.7,3.95,0.0,0.0,2677.042951124086,19.846010113203544,15.441461371688051,582320,0,Low
29.7,81.4,113.3,18.883333333333333,0.0,0.0,2972.78487799281,14.927823676383966,142.6116383858448,582320,1,Medium
5.8,14.4,22.4,3.733333333333333,0.0,0.0,2984.507958710816,10.392777957763382,31.302314080078823,582320,0,Low
7.4,15.1,21.6,3.6,0.0,0.0,3284.6163520116475,7.512553478677059,1.991815123901493,142004,0,Low
14.5,33.1,47.5,7.916666666666667,0.0,0.0,2774.526928072689,123.75385774765198,204.62660204803583,582320,0,Low
54.26,138.72,177.8,29.633333333333336,0.0,0.0,9871.047545222276,52.30964644284237,134.11674849257713,1709346,1,High
96.78,201.58,290.15,48.35833333333333,0.0,0.0,4225.410141873112,83.94236178402245,358.91509786252374,142004,0,High
28.4,70.1,105.2,17.533333333333335,0.0,0.0,3020.2061838113987,21.29539284114573,29.53819621616735,582320,1,Medium
44.4,97.1,155.0,25.83333333333333,0.0,0.0,1931.6697158705977,13.498371965911817,356.358662296482,582320,0,High
12.6,30.4,47.1,7.85,0.0,0.0,3212.9890039241623,92.5802964890767,8.589020920307627,582320,1,Low
52.7,105.8,139.7,23.28333333333333,0.0,0.0,3736.995501529148,35.987985207530585,26.69493295642195,1709346,0,Medium
14.6,35.3,53.4,8.9,0.0,0.0,3224.372540704738,4.00303028228863,146.59153114625266,582320,0,Low
32.0,73.8,115.6,19.266666666666666,0.0,0.0,2687.8539887536635,23.00322978175146,155.0777823503336,582320,1,Medium
23.8,66.3,100.9,16.816666666666666,0.0,0.0,2226.8013188798795,11.539345484170257,145.2027728600791,582320,0,Low
12.9,34.5,52.5,8.75,0.0,0.0,3091.2612124446164,8.987540868166501,46.53620403772336,582320,1,Low
9.8,23.4,34.5,5.75,0.0,0.0,3166.678078273889,20.6843019681016,2.239368490604474,582320,0,Low
13.5,34.1,54.3,9.05,0.0,0.0,3642.535842172812,11.044448069319523,165.60450747289673,142004,1,Low
4.3,9.2,12.1,2.0166666666666666,0.0,0.0,2789.9304375421066,1.4027584250312677,109.60528016674608,582320,0,Low
9.84,20.32,94.82,15.803333333333333,0.0,0.0,11498.336578961162,400.7574545677351,43.5635462605835,1709346,1,Medium
13.2,29.0,45.9,7.649999999999999,0.0,0.0,2384.917243726123,38.41848337923781,72.51907598364296,582320,0,Low
12.2,29.0,38.9,6.483333333333333,0.0,0.0,2993.644503924358,3.9129118178803735,23.74650542254212,582320,0,Low
10.3,25.7,34.7,5.783333333333334,0.0,0.0,3355.36430403766,38.21895910282177,22.3407107317556,582320,1,Low
13.5,30.6,47.6,7.933333333333334,0.0,0.0,3125.9946777962496,0.9130830027963902,93.56552475117576,582320,0,Low
27.6,74.1,114.7,19.116666666666667,0.0,0.0,3226.612963401096,19.584502724057124,141.11056902404886,582320,1,Low
16.2,32.4,49.1,8.183333333333334,0.0,0.0,2947.7631389028656,0.0485351573342234,95.2705642498874,582320,0,Low
66.3,134.0,202.3,33.71666666666667,0.0,0.0,2492.796051846059,2.2592494758189248,125.62353531542772,582320,0,High
8.3,22.1,31.0,5.166666666666667,0.0,0.0,2447.24456656894,15.28443488762272,10.464832122516524,582320,1,Low
49.1,121.9,168.7,28.116666666666664,0.0,0.0,3736.202772971355,6.243967031493151,155.82470495780512,142004,0,High
41.4,102.4,150.6,25.1,0.0,0.0,1886.01406994429,14.949986219012548,315.6841899120666,582320,1,Medium
31.0,73.9,104.6,17.433333333333334,0.0,0.0,3193.425789547576,25.012054161531506,65.63919285435546,582320,0,Medium
36.4,93.1,135.1,22.516666666666666,0.0,0.0,2358.801121229394,46.13461707565295,29.914637193247607,582320,0,Medium
43.8,90.6,135.7,22.616666666666664,0.0,0.0,3273.081150749704,59.32858144849897,91.7326983252753,142004,0,Medium
50.1,124.6,182.1,30.35,0.0,0.0,2926.458567416155,9.414004893767055,5.335335904924601,582320,1,High
51.0,112.4,178.5,29.75,0.0,0.0,3176.508429691158,5.69009178640719,68.241409837205,582320,1,Medium
69.65,143.73,222.7,37.11666666666667,0.0,0.0,3208.2767544416843,3.296356903010368,35.219477175178454,3656539,0,Medium
44.84,101.18,159.49,26.581666666666667,0.0,0.0,4763.290842163427,78.88578887012119,310.36534625450736,2241624,0,Low
18.3,43.7,59.5,9.916666666666666,0.0,0.0,1731.9520439442538,10.877150195696476,731.9461446955384,1709346,1,Medium
18.3,45.5,66.2,11.033333333333331,0.0,0.0,2615.916094942236,27.7560698293267,220.21110187024527,582320,1,Low
28.42,90.63,156.87,26.145,0.0,0.0,7888.375806992305,69.69507051849912,585.1800820828869,887978,0,Medium
27.3,57.4,87.8,14.633333333333333,0.0,0.0,3043.846151711288,1.3512461360316566,2.873940050704852,582320,0,Low
28.8,77.3,112.9,18.816666666666663,0.0,0.0,3265.3769617440425,21.55588102591184,3.049373051924646,582320,1,Low
14.2,29.1,45.8,7.633333333333333,0.0,0.0,3786.287224036694,68.92044186275413,16.064280453088305,1709346,1,Low
34.3,77.0,121.4,20.23333333333333,0.0,0.0,2754.408879581642,29.206605072892675,94.26564937781204,582320,1,Low
35.8,79.4,113.7,18.95,0.0,0.0,2652.786230371349,6.140094818359773,233.7431480759701,582320,0,Medium
13.33,31.69,48.92,8.153333333333334,0.0,0.0,10873.652861317916,574.1186722715989,1559.144323979036,2241624,0,Low
27.3,61.5,85.6,14.266666666666666,0.0,0.0,2746.4850765845745,10.61939146875376,223.9808426845444,582320,0,Low
90.41,151.95,187.84,31.30666666666667,0.0,0.0,1933.5686078199565,14.411091521621168,69.20106775130438,142004,1,Medium
6.4,17.2,24.6,4.1000000000000005,0.0,0.0,2234.912170538149,31.96095168380886,76.9473071953034,582320,0,Low
55.0,122.3,186.3,31.05,0.0,0.0,2684.374140805196,30.70391406105484,58.50285346114542,582320,1,High
48.8,106.8,139.5,23.25,0.0,0.0,3447.585804520063,4.290076061306239,14.677143258393007,1709346,1,Medium
21.2,46.5,72.7,12.116666666666667,0.0,0.0,3998.942266821964,60.24486170988063,213.1873918856296,142004,0,Medium
6.5,15.5,24.1,4.016666666666667,0.0,0.0,3274.113050171733,17.496889647852118,148.34786374182397,142004,0,Low
47.1,115.4,166.4,27.73333333333333,0.0,0.0,2358.1075102169834,14.375177219167828,197.7163054912185,582320,1,High
38.7,83.0,111.5,18.58333333333333,0.0,0.0,2683.4003535235006,13.303996163739,216.00751221399972,582320,1,Low
13.43,41.61,64.86,10.81,0.0,0.0,5678.556655182563,18.045832064000628,11.128134014094432,142004,0,Medium
29.1,60.3,78.8,13.133333333333333,0.0,0.0,2813.5590312887307,0.5382633874895522,22.96620043964345,582320,1,Low
60.79,146.32,222.78,37.13,0.0,0.0,16415.476336338907,7281.915237515107,564.323986770188,2241624,0,Medium
33.36,109.26,157.04,26.17333333333333,0.0,0.0,8958.105687637204,46.88323543741996,152.1798530579897,2241624,0,Medium
7.6,16.5,25.8,4.3,0.0,0.0,3098.664051883767,22.38482577556384,64.13328059418474,142004,1,Low
98.24,185.43,257.24,42.873333333333335,0.0,0.0,5204.74468184016,407.6814160525196,17.667082496836414,887978,0,High
30.7,79.6,116.5,19.416666666666668,0.0,0.0,3262.766738930284,2.44080328993656,36.29867310604813,582320,0,Low
39.8,108.5,160.8,26.8,0.0,0.0,2589.7965211007627,41.64717527384414,114.9670097753652,582320,0,Medium
41.95,48.78,133.03,22.171666666666667,0.0,0.0,4019.987966484121,15.419325044904282,32.71162965286579,142004,0,Low
17.2,37.9,55.0,9.166666666666666,0.0,0.0,2533.773149500621,9.45235312893104,69.85553643876158,582320,1,Low
93.94,116.19,167.75,27.95833333333333,0.0,0.0,11602.761621852134,599.3785297616442,199.291485533425,2241624,0,High
5.7,15.1,21.2,3.533333333333333,0.0,0.0,3154.33211091371,19.541582033885543,74.99658687747025,582320,1,Low
44.8,121.3,164.1,27.35,0.0,0.0,3148.917153544459,26.61139887506807,24.59703623740891,582320,1,High
93.56,190.45,296.85,49.475,0.0,0.0,2062.935957889903,3.795155350475568,491.53403867864176,142004,0,Medium
30.9,83.7,122.3,20.383333333333333,0.0,0.0,3508.5360277777886,3.0863651344380365,19.888205955451014,142004,1,Medium
3.1,6.6,8.7,1.45,0.0,0.0,2936.742648313375,29.50917176490457,153.8070632737815,582320,0,Low
30.9,74.8,108.2,18.03333333333333,0.0,0.0,3130.0989469365127,10.16584575623309,109.44743067823818,582320,1,Medium
26.47,62.87,89.75,14.958333333333334,0.0,0.0,6482.147125502131,5.428448045965886,25.452402699617068,2241624,1,High
30.8,64.7,95.5,15.916666666666666,0.0,0.0,3066.166982757034,69.66924881806318,213.8982875253135,582320,0,Low
44.1,106.7,154.4,25.73333333333333,0.0,0.0,3204.202706790039,5.755903196174028,156.21776785975456,582320,0,Medium
90.52,127.04,159.76,26.626666666666665,0.0,0.0,4096.0036399985365,2.478527666877122,100.34904372491437,2241624,0,Medium
17.6,44.6,67.5,11.25,0.0,0.0,2816.6898176144286,31.50498617543302,136.03097866750272,582320,0,Low
17.0,37.3,51.6,8.6,0.0,0.0,2297.086562875577,43.1263720046592,31.081772791710968,582320,1,Low
14.7,35.1,49.3,8.216666666666667,0.0,0.0,3878.71986840204,2.82197395470626,72.40468961048205,142004,0,Low
25.2,63.9,89.6,14.933333333333332,0.0,0.0,3002.798581929507,6.198818058017244,47.40822106318316,582320,0,Low
4.6,10.0,14.3,2.3833333333333333,0.0,0.0,3224.3283924529,2.758629648168732,49.46758943337331,582320,0,Low
7.4,20.7,30.0,5.0,0.0,0.0,3052.1322040727223,21.443216496318502,75.20223094160968,582320,1,Low
94.53,185.58,226.13,37.68833333333333,0.0,0.0,1247.5584020605029,65.5940213593093,276.1838392451991,142004,1,High
26.6,71.5,98.1,16.349999999999998,0.0,0.0,3484.508410634572,6.706945694262124,0.0011330446292853,582320,0,Medium
44.5,94.8,123.3,20.55,0.0,0.0,1944.2178145945363,17.008688701920452,243.22212232342653,582320,1,Medium
91.19,164.19,229.55,38.25833333333333,0.0,0.0,7147.753417628822,36.92465781441693,167.22316471995103,887978,1,High
10.8,30.4,46.5,7.75,0.0,0.0,2954.483953223273,8.518447828902055,135.105251914299,582320,1,Low
26.7,60.8,93.8,15.633333333333333,0.0,0.0,2988.8993393983865,8.684688628645405,92.10086755275326,582320,0,Medium
12.5,31.0,42.9,7.15,0.0,0.0,3217.741632978454,0.720490163596581,72.33744846914448,582320,1,Low
25.6,61.8,87.8,14.633333333333333,0.0,0.0,2819.3404448836054,2.761474529758066,44.757356435023816,582320,1,Low
4.5,12.7,19.8,3.3000000000000003,0.0,0.0,2796.245755279895,50.06956030108728,233.8346878928296,582320,1,Low
21.5,58.9,88.3,14.716666666666669,0.0,0.0,2903.319305496206,50.111494669527424,237.6642734124688,142004,1,Low
48.7,102.7,138.4,23.066666666666663,0.0,0.0,2345.1024818586247,4.142102048778822,10.276996044774924,582320,1,Medium
4.0,8.9,12.2,2.033333333333333,0.0,0.0,3377.7852903575144,38.50636418790391,91.84688399847548,582320,0,Low
53.11,74.6,154.03,25.671666666666667,0.0,0.0,13845.522229127142,3720.620954148847,336.4624887513846,1709346,1,High
70.73,174.62,210.36,35.06,0.0,0.0,6585.300574664245,36.16161750474352,41.76860240107773,2241624,1,Low
39.2,83.7,124.9,20.816666666666663,0.0,0.0,2465.332161309686,8.302132546072698,26.645207231775203,582320,1,Medium
13.02,90.2,156.89,26.14833333333333,0.0,0.0,3561.5482273465627,3.487675798666088,362.11189175055534,2241624,1,Low
84.44,175.71,230.8,38.46666666666667,0.0,0.0,877.4041003425765,56.55542738782052,8.334901322908044,887978,0,Medium
32.6,71.7,108.9,18.15,0.0,0.0,2691.201008259962,11.2275273461216,19.884794663014528,582320,0,Low
3.1,7.4,11.2,1.8666666666666665,0.0,0.0,2492.50947438588,9.85577962821382,215.01940433580089,582320,1,Low
32.51,37.92,57.73,9.621666666666666,0.0,0.0,4308.879418030902,22.16255323216736,11.00510798291999,2241624,1,High
19.4,45.3,66.7,11.116666666666667,0.0,0.0,3656.7509809322487,7.193717925076908,43.045356006063365,582320,0,Low
17.4,35.1,52.4,8.733333333333333,0.0,0.0,2337.9068275183813,36.314658391978405,85.54100700821816,582320,0,Low
27.33,68.0,99.46,16.576666666666664,0.0,0.0,3444.88694499387,1.088498572098774,151.21250046894718,887978,1,Medium
27.7,69.3,97.3,16.216666666666665,0.0,0.0,3348.366821802909,5.73884466052237,5.049403585436221,582320,1,Medium
85.9,176.85,217.99,36.33166666666667,0.0,0.0,1737.9639227806808,8.204155626296625,16.67689725235174,582320,0,High
20.81,40.62,53.43,8.905,0.0,0.0,999.3158157805688,71.40656384324214,340.8954629843778,887978,1,Medium
19.9,43.3,58.3,9.716666666666669,0.0,0.0,4394.885978774664,4.913562422508172,608.9802487971942,142004,0,Medium
27.9,56.4,77.4,12.9,0.0,0.0,4577.357315331831,7.379079274474916,359.7664496954707,142004,0,Medium
22.15,53.27,74.66,12.443333333333332,0.0,0.0,7706.576650399788,77.04869403523337,62.47147384082599,1709346,1,Low
89.39,96.05,140.07,23.345,0.0,0.0,8055.562657900666,46.734703140617285,24.05102511149879,1709346,0,Low
22.9,54.8,79.3,13.216666666666669,0.0,0.0,3306.2338154034314,5.605537274469765,15.14555705090318,142004,1,Low
33.8,68.4,89.3,14.883333333333333,0.0,0.0,2404.6051816271934,1.5368867432906144,71.34037038512537,582320,1,Low
8.8,17.7,25.6,4.266666666666667,0.0,0.0,1996.5381455359573,43.27402232318722,254.4930916358761,582320,1,Low
26.4,61.5,87.7,14.616666666666667,0.0,0.0,2077.581749918191,50.91958177344215,175.40224556208238,582320,1,Low
93.58,210.59,278.1,46.35,0.0,0.0,9470.30289009009,213.4724078690145,523.1515994024298,1709346,1,High
39.4,109.5,152.8,25.46666666666667,0.0,0.0,2939.905451918139,2.1009461981568944,9.586593598207566,582320,1,Medium
24.3,50.1,76.0,12.666666666666666,0.0,0.0,2197.191233200198,67.67761316582347,80.2671161047003,582320,0,Low
56.0,132.6,197.4,32.9,0.0,0.0,3036.155177752575,7.156879053937051,133.94364407155243,582320,0,High
55.6,137.9,212.0,35.333333333333336,0.0,0.0,1963.7143620038096,20.913458780107444,284.7187385239132,582320,0,High
11.8,28.8,44.4,7.399999999999999,0.0,0.0,3105.264479391039,1.7231462278026803,50.961061158475054,582320,1,Low
10.0,28.4,39.0,6.5,0.0,0.0,3602.6768153328485,5.720977462215584,73.22962135848833,582320,1,Low
61.01,114.33,168.18,28.03,0.0,0.0,4557.46618520804,11.86013722639837,25.62635662415441,887978,0,Low
40.7,115.1,150.0,25.0,0.0,0.0,2865.727354783542,0.9689057261787288,1.2313417674333325,582320,1,High
17.3,39.7,56.0,9.333333333333334,0.0,0.0,2730.6764534244426,4.126951252540245,30.529261902231703,582320,1,Low
3.6,8.2,12.6,2.1,0.0,0.0,2960.081052652158,10.931669550379416,6.709642622559821,582320,1,Low
11.7,28.7,45.9,7.649999999999999,0.0,0.0,2960.7858321880303,27.338246816841536,155.71070047396188,582320,1,Low
62.6,130.6,192.2,32.03333333333333,0.0,0.0,2092.884561178759,52.428555447982255,224.55090213825287,582320,1,High
47.8,123.6,175.9,29.316666666666663,0.0,0.0,3174.183686834546,16.73427763785379,44.45233625833993,142004,0,High
7.7,16.3,26.0,4.333333333333333,0.0,0.0,2389.5892680920083,5.907962848622336,124.7326671088984,582320,0,Low
58.1,123.1,161.5,26.916666666666668,0.0,0.0,3472.8906083991883,46.94873991080777,68.31823317337297,582320,1,Medium
49.0,124.2,186.2,31.03333333333333,0.0,0.0,3065.5481839354184,24.804453819529776,79.94453257374134,582320,0,Medium
87.44,166.51,245.56,40.92666666666667,0.0,0.0,5810.344522718841,272.2074866581632,149.69147952219538,1709346,1,High
23.8,65.8,89.1,14.85,0.0,0.0,3149.2107799292376,2.794112315894944,138.532940332982,582320,1,Low
19.5,47.8,68.3,11.383333333333333,0.0,0.0,2549.852061538125,6.497855546414335,67.97602905714781,582320,0,Low
51.6,132.2,183.0,30.5,0.0,0.0,2470.5695934852683,25.015563354381843,152.10169956377493,582320,1,High
19.2,40.8,62.7,10.45,0.0,0.0,3192.226637367682,1.4163928406392905,170.21761086314618,582320,0,Low
6.7,14.0,19.0,3.1666666666666665,0.0,0.0,3749.417472400521,83.82121235548645,0.6421288238757905,1709346,0,Low
6.7,18.0,23.9,3.983333333333333,0.0,0.0,3225.87515112602,11.94630946049253,18.21679538757444,582320,0,Low
45.36,53.0,140.65,23.441666666666663,0.0,0.0,10025.464190422308,227.31465009523976,349.08157113914086,1709346,1,Low
84.6,168.65,222.46,37.07666666666667,0.0,0.0,6235.500233738368,7.390687515925646,120.14017287117316,887978,1,High
37.1,100.6,156.8,26.133333333333336,0.0,0.0,3311.035356901437,0.6884500558221173,9.648946592417184,582320,1,Medium
9.3,20.4,27.9,4.65,0.0,0.0,3290.1681507702187,3.0977724474639103,99.5673603417407,582320,0,Low
17.3,48.4,66.8,11.133333333333333,0.0,0.0,3384.5428024478188,53.86476198592364,39.17427407979446,142004,0,Low
5.23,13.01,16.57,2.7616666666666667,0.0,0.0,8621.870016513454,6.878450651640586,295.73970046617126,887978,1,Medium
56.5,142.13,196.41,32.735,0.0,0.0,14016.593923559169,1115.1861546389143,168.4200101636435,2241624,0,High
59.3,128.7,180.6,30.1,0.0,0.0,3195.47862040755,86.41211489223755,2.962044948376282,582320,0,High
33.2,72.3,112.0,18.666666666666668,0.0,0.0,3191.387590973221,23.97321658598665,27.32913526641909,142004,0,Medium
16.3,45.8,73.0,12.166666666666666,0.0,0.0,3614.005467478956,6.673338681079869,25.90352807907767,582320,0,Medium
23.1,57.6,80.9,13.483333333333334,0.0,0.0,3053.6695451183846,14.354824089986987,17.690168434112575,582320,0,Low
63.8,133.7,184.6,30.766666666666666,0.0,0.0,2985.6516606847126,24.333786549177866,272.7713476318127,582320,1,High
7.3,20.7,30.4,5.066666666666666,0.0,0.0,2714.914898108625,23.44628232768333,236.0471071010328,582320,0,Low
28.2,57.2,82.3,13.716666666666669,0.0,0.0,315.46512975364755,3.14015907535284,320.8622394269693,2292958,1,Medium
49.0,134.9,211.8,35.300000000000004,0.0,0.0,3239.732856239135,14.157318707636655,26.559563748432225,582320,0,High
11.1,31.3,48.9,8.15,0.0,0.0,2749.625446273661,4.898387874254238,0.5923658784043133,582320,1,Low
4.8,13.4,17.7,2.95,0.0,0.0,3142.245262127519,27.105267217240414,120.01273937989784,582320,0,Low
33.5,69.3,109.9,18.316666666666663,0.0,0.0,3476.1673416811013,0.2492958169415065,14.185451855591042,142004,1,Low
19.5,54.1,84.5,14.083333333333334,0.0,0.0,2711.3121450594413,26.864464419403244,220.27499741524605,582320,1,Low
3.4,9.4,12.6,2.1,0.0,0.0,3642.1890377959753,27.34592316998316,205.2877446973672,142004,0,Low
17.7,41.0,56.0,9.333333333333334,0.0,0.0,2742.425548250161,7.326132750555799,236.4735280801929,582320,1,Low
14.3,35.0,56.0,9.333333333333334,0.0,0.0,3019.515935410768,38.77284384830864,43.61472578870981,582320,1,Low
94.44,168.72,240.97,40.16166666666667,0.0,0.0,10660.00839760368,2476.0031698978223,892.6995454267242,2241624,1,High
6.8,19.1,26.9,4.483333333333333,0.0,0.0,2524.0686924422503,1.0563416145044964,132.89073281292715,582320,0,Low
53.0,121.1,169.2,28.2,0.0,0.0,2475.156845276676,3.624402929616744,30.661605495393367,582320,0,High
11.5,23.2,31.0,5.166666666666667,0.0,0.0,838.90464760686,6.553427830416679,390.9466440107747,2292958,0,Low
26.9,75.8,105.6,17.599999999999998,0.0,0.0,2334.4767375107167,17.04044723829355,29.43109938457783,582320,1,Medium
30.4,78.2,113.6,18.933333333333334,0.0,0.0,3031.831945113741,55.62572212906101,163.92293581646257,582320,0,Low
28.91,56.13,73.85,12.308333333333332,0.0,0.0,3416.573961501193,148.8783892953733,136.3866839543853,2241624,1,High
55.03,113.06,180.81,30.135,0.0,0.0,2129.013460867176,39.61235562264204,519.1323574987616,2731929,1,Low
25.2,52.4,75.2,12.533333333333331,0.0,0.0,2420.416190011031,6.67485665526367,159.9980863993154,582320,0,Low
21.6,49.3,64.7,10.783333333333331,0.0,0.0,2454.69513615616,20.89418893237161,10.699213700120817,582320,1,Low
46.8,97.5,141.0,23.5,0.0,0.0,2768.762930338933,35.928341508890334,55.0460015998743,582320,0,Medium
53.6,137.5,188.7,31.45,0.0,0.0,2956.294524140997,4.203552891215668,3.816882564776056,582320,1,High
21.5,44.1,65.0,10.833333333333334,0.0,0.0,2542.9136913340294,9.408540341448404,144.97087081690069,582320,1,Low
12.9,33.3,50.0,8.333333333333334,0.0,0.0,2671.461756514222,1.801724266722132,169.36174447481326,582320,1,Low
65.74,126.32,197.98,32.99666666666666,0.0,0.0,12443.622988482535,4279.629173713892,281.4242846380539,2241624,0,Low
18.9,46.9,69.7,11.616666666666667,0.0,0.0,3332.333597243153,12.952837502296694,149.3758096538407,582320,0,Low
58.8,137.5,200.5,33.416666666666664,0.0,0.0,2568.8223663939552,23.349458511787944,98.58697214562756,582320,1,High
60.8,128.2,201.7,33.61666666666667,0.0,0.0,3372.445878219468,8.907989809129194,0.3019109771880572,582320,0,High
40.3,102.4,141.1,23.516666666666666,0.0,0.0,3191.3451304442183,5.469179384757373,12.45145791679056,582320,0,High
37.6,89.7,117.0,19.5,0.0,0.0,2353.223115358104,1.1320919710111483,115.49399568079892,582320,0,Medium
28.6,62.3,97.7,16.283333333333335,0.0,0.0,2749.385090004029,7.946000316398175,72.60774104512357,582320,1,Low
55.9,138.5,192.6,32.1,0.0,0.0,3318.642731471484,2.2434895923030065,128.41045514721202,582320,1,High
48.46,118.33,161.46,26.91,0.0,0.0,4580.866562598279,8.414337241025656,18.723380020436064,887978,0,High
16.1,35.4,48.5,8.083333333333334,0.0,0.0,3363.5411715752048,59.48765315778647,52.255932063802135,142004,1,Low
68.78,139.8,198.96,33.160000000000004,0.0,0.0,5344.148595733847,2.7976873743850703,630.6222432014271,887978,0,Medium
17.2,40.0,61.1,10.183333333333334,0.0,0.0,2934.9098328532946,26.770095583940947,141.65234492448414,582320,0,Low
43.5,116.3,180.2,30.03333333333333,0.0,0.0,2929.359322930916,5.642761573253962,100.5768160424306,582320,0,High
8.7,18.5,26.5,4.416666666666667,0.0,0.0,2308.4411099884464,27.56134826127524,6.880231094557676,582320,0,Low
63.8,138.2,205.3,34.21666666666667,0.0,0.0,3066.498978722442,85.40712127797799,213.23947557361,582320,0,High
20.4,42.0,55.8,9.3,0.0,0.0,2074.3660594199982,18.126383833286727,226.13819001684027,582320,0,Low
15.7,35.9,56.8,9.466666666666669,0.0,0.0,3103.7257138080545,29.30594333145113,27.15912700970095,582320,1,Low
41.4,112.3,176.7,29.45,0.0,0.0,2558.693274438758,11.417701816227286,93.26167464593227,582320,0,High
23.2,49.0,65.7,10.95,0.0,0.0,2722.7490234347,3.156699378681243,83.98094800987315,582320,1,Low
10.15,24.88,38.01,6.335,0.0,0.0,2474.905835120784,73.99063202518559,453.3704843256691,3656539,1,High
49.8,114.8,157.9,26.316666666666663,0.0,0.0,2968.645557901908,64.96266021377703,239.6219240927586,582320,1,High
97.3,179.23,249.84,41.64,0.0,0.0,3237.7778088475948,21.48076947470493,1076.9039880349278,2241624,0,High
34.5,82.7,114.8,19.133333333333333,0.0,0.0,3210.018743339822,4.9030255382277925,15.51608992253902,142004,0,Medium
22.65,95.59,141.99,23.665000000000003,0.0,0.0,1896.6482312566643,20.425314639026883,31.03282528473849,887978,0,Medium
10.7,27.5,41.5,6.916666666666667,0.0,0.0,3123.4301839726704,7.553815238029088,11.159525758459887,582320,1,Low
34.2,69.2,96.5,16.083333333333332,0.0,0.0,3536.3488936433546,37.49475279638618,88.28529602636016,142004,0,Low
9.9,23.6,33.2,5.533333333333334,0.0,0.0,2997.8688170579894,6.130164421619392,14.107120646324244,582320,1,Low
62.47,67.87,79.47,13.245,0.0,0.0,10686.183554664622,29.95856322580802,61.37118511805279,1709346,1,Low
32.9,74.6,106.3,17.716666666666665,0.0,0.0,2351.275710922393,33.091057151435265,83.35831118936811,582320,1,Low
7.8,17.4,25.1,4.183333333333334,0.0,0.0,3100.41094226255,27.61854861699867,165.35910480026166,582320,1,Low
8.6,22.3,33.8,5.633333333333333,0.0,0.0,2992.3346793431315,20.058083667363263,67.10042230713125,582320,1,Low
21.0,58.3,88.0,14.666666666666666,0.0,0.0,3480.6084058861693,11.433464770919374,26.96188993166783,142004,1,Low
39.3,100.2,151.7,25.28333333333333,0.0,0.0,2372.603317511762,24.74078457369187,46.67321135054639,582320,1,Medium
46.9,106.9,146.3,24.383333333333336,0.0,0.0,2569.307590211577,36.6223383447641,134.99258064043954,582320,0,Medium
15.5,38.3,55.4,9.233333333333333,0.0,0.0,2856.110493602651,15.196480527559608,12.898578977823805,582320,0,Low
5.1,10.4,16.1,2.6833333333333336,0.0,0.0,3171.586373359081,3.4214937311245857,63.9821507631741,582320,0,Low
36.2,79.6,111.5,18.58333333333333,0.0,0.0,2859.738710365345,17.632915217513045,16.254764402432304,582320,1,Low
5.5,15.0,22.4,3.733333333333333,0.0,0.0,2764.218671627914,28.29673131973349,47.56418878233996,582320,1,Low
14.3,30.4,47.0,7.833333333333333,0.0,0.0,2986.5672275517645,22.870956456297773,161.67632733743406,582320,1,Low
28.1,60.9,85.7,14.283333333333331,0.0,0.0,3165.2415332849387,0.566305536022029,57.98357819663421,582320,1,Low
22.2,47.5,75.8,12.633333333333333,0.0,0.0,3929.703863352533,37.30793356105777,57.23799433185382,1709346,0,Low
24.87,97.73,111.78,18.63,0.0,0.0,6527.834296199901,30.00225169902832,28.973615719183982,887978,1,Medium
40.2,95.2,149.3,24.883333333333336,0.0,0.0,2716.212970478134,0.3836060949277201,45.268580302989065,582320,0,Medium
4.5,12.1,17.6,2.9333333333333336,0.0,0.0,3018.8564067449024,5.625636459117216,108.54455139287911,582320,1,Low
14.8,31.2,47.3,7.883333333333333,0.0,0.0,2625.6007388177563,3.007701178386569,119.30260157224924,582320,0,Low
31.27,90.76,123.36,20.56,0.0,0.0,4802.666895371138,10.133868693539505,511.2965443222357,887978,0,High
8.3,21.0,31.7,5.283333333333333,0.0,0.0,2868.047062401017,13.654929400493494,86.09207745037584,582320,0,Low
11.8,27.0,39.8,6.633333333333333,0.0,0.0,2674.98799737118,3.242143179948965,0.8829549872140882,582320,0,Low
90.66,191.23,302.74,50.45666666666667,0.0,0.0,3995.112324614548,29.725158170770253,569.752338117377,887978,0,High
11.3,24.7,34.5,5.75,0.0,0.0,2814.254039205638,6.513901087470483,139.54534487120708,582320,0,Low
41.4,115.3,151.2,25.2,0.0,0.0,3019.4384152750467,3.318148017773144,19.57893893974189,582320,1,High
27.76,65.31,101.91,16.985,0.0,0.0,5865.942134878089,17.920172423325354,815.7541116745405,2241624,1,High
26.7,53.5,71.1,11.85,0.0,0.0,3407.243329144304,52.80613917734048,17.417203071361858,142004,1,Low
28.7,61.1,90.8,15.133333333333333,0.0,0.0,2298.5464792520684,16.50027596176185,148.81512358379555,582320,0,Low
14.8,32.5,47.7,7.95,0.0,0.0,3294.8492723527293,18.588233164058053,13.179155165599518,582320,0,Low
5.0,13.5,20.5,3.4166666666666665,0.0,0.0,2780.066444032747,130.50202529973862,243.22934759155623,582320,1,Low
20.2,43.8,69.5,11.583333333333334,0.0,0.0,3188.0543130749106,22.3475199546579,29.53952053335276,142004,1,Low
15.5,35.0,48.4,8.066666666666666,0.0,0.0,2127.7631031713067,12.02117020788686,53.07337172790488,582320,0,Low
54.7,117.7,173.1,28.85,0.0,0.0,3117.7349194801186,7.47657194124618,66.90884120482212,582320,0,High
10.7,23.2,32.1,5.3500000000000005,0.0,0.0,2323.805191367576,35.372639205427056,67.27327760453652,582320,0,Low
7.7,15.6,20.7,3.45,0.0,0.0,8108.212781630256,102.32058083702157,124.40681382051756,2731929,0,Medium
22.8,52.4,74.5,12.416666666666666,0.0,0.0,3154.495971698657,2.347361597648253,42.57994894484042,142004,1,Low
51.7,126.9,187.5,31.25,0.0,0.0,3072.1984712056187,4.436447000276926,1.7079109268682586,582320,1,High
27.3,59.4,78.3,13.05,0.0,0.0,2625.9824363335774,8.344670866106105,206.2084965947817,582320,1,Low
45.3,127.2,174.5,29.08333333333333,0.0,0.0,2502.235998950225,30.34985382760482,136.85996683131455,582320,0,High
20.6,56.9,77.9,12.983333333333334,0.0,0.0,2339.268074747118,11.96782195294166,34.48829931601181,582320,0,Low
15.4,32.6,43.3,7.216666666666666,0.0,0.0,1820.2185361484085,5.0901313655509615,119.57647658046304,582320,0,Low
40.5,93.3,146.5,24.416666666666668,0.0,0.0,2096.064945887696,45.48898457852772,321.2988047990713,582320,1,Medium
27.1,76.2,106.2,17.7,0.0,0.0,2334.456688669798,11.98652818186766,62.42249273937752,582320,0,Medium
95.42,241.62,302.28,50.38,0.0,0.0,5760.574830356822,184.1092460006532,394.2654001321762,1709346,0,Medium
8.1,16.5,25.1,4.183333333333334,0.0,0.0,3574.728508855056,2.813932108924837,9.935257288357237,1709346,1,Low
42.4,111.7,155.5,25.916666666666668,0.0,0.0,3418.931655214135,1.318282564091892,28.703934599965283,582320,1,Medium
27.7,57.5,75.5,12.583333333333334,0.0,0.0,2733.6858602766783,13.400697030699382,114.89803779885972,582320,1,Low
49.73,107.61,138.2,23.03333333333333,0.0,0.0,3365.1618501514554,35.929636796175025,72.73917972955005,2731929,0,Medium
58.65,144.77,217.73,36.28833333333333,0.0,0.0,1309.7737763597895,115.16833892222704,21.98872292937013,2731929,0,High
14.7,36.0,49.3,8.216666666666667,0.0,0.0,3130.753415605246,3.175066948258076,71.08688121983384,582320,0,Low
6.6,18.7,29.5,4.916666666666667,0.0,0.0,2482.866372923794,0.9969144097259878,40.2663058874323,582320,0,Low
25.2,54.8,76.4,12.733333333333334,0.0,0.0,2626.0135924539427,31.565343470700707,151.2868229902422,582320,1,Low
12.81,41.91,120.62,20.10333333333333,0.0,0.0,4586.342810994949,101.99900613389504,283.2634862398728,887978,0,Medium
40.0,92.3,131.3,21.883333333333336,0.0,0.0,3303.756196362988,3.7382129699858337,18.222093156208125,582320,1,Medium
31.23,60.24,83.28,13.88,0.0,0.0,14668.649316804334,4991.499332731413,675.9835627611004,2241624,0,Low
5.5,14.8,21.4,3.5666666666666664,0.0,0.0,2300.563166691924,16.806956059551123,180.91000236331791,582320,1,Low
30.3,78.6,111.0,18.5,0.0,0.0,2605.425541037783,35.00468441158777,65.17001899047338,582320,1,Medium
4.9,13.4,21.2,3.533333333333333,0.0,0.0,2949.618896901154,37.65420891717198,146.04335344315257,582320,1,Low
28.1,67.7,96.1,16.016666666666666,0.0,0.0,3275.686376486879,0.9154865935811202,4.592629077704158,582320,1,Medium
39.7,103.6,159.6,26.6,0.0,0.0,2576.817745286667,2.6128999057925224,114.92766302550916,582320,0,Medium
40.9,87.3,117.2,19.53333333333333,0.0,0.0,2209.927549482695,27.360063226347783,131.02708706974084,582320,0,Medium
34.4,84.8,120.5,20.08333333333333,0.0,0.0,1870.21937467692,0.3485738388834873,188.09533783909723,582320,0,Medium
31.2,81.4,114.0,19.0,0.0,0.0,2924.443735551456,39.6439677869534,132.30223804927434,582320,1,Medium
4.5,9.3,12.2,2.033333333333333,0.0,0.0,2291.5173560578,0.9346851320485454,385.9691357183983,2543243,1,Low
2.0,5.2,7.2,1.2,0.0,0.0,4368.429724006312,7.193256039892785,14.041510311062702,887978,0,Low
3.4,8.6,12.8,2.1333333333333333,0.0,0.0,3054.0418615029685,3.423254951375826,53.09957447883146,142004,0,Low
17.3,45.1,63.4,10.566666666666666,0.0,0.0,2874.2854427616567,0.4605248399584403,2.599886099214918,582320,1,Low
52.0,118.6,169.0,28.166666666666668,0.0,0.0,3026.084250486245,23.56662466599913,15.52983078638148,582320,0,High
30.0,63.2,97.3,16.216666666666665,0.0,0.0,2967.4904301173947,20.844069484627497,14.22678803828764,582320,0,Medium
29.3,67.8,93.2,15.533333333333331,0.0,0.0,3777.744419575238,8.211160547940402,24.01410368181532,582320,0,Low
24.35,75.96,113.12,18.85333333333333,0.0,0.0,2103.763529860604,42.06029535090064,177.80958875830422,887978,1,Low
12.2,25.9,33.8,5.633333333333333,0.0,0.0,2681.168841039432,4.824362653784995,11.497521202659597,582320,1,Low
32.7,74.2,106.0,17.666666666666668,0.0,0.0,2624.9943692912066,14.626342185658627,28.68905847282855,582320,1,Medium
50.9,139.7,216.8,36.13333333333333,0.0,0.0,3290.566991023624,33.060719463508946,74.52442576238161,582320,1,High
53.3,131.0,181.8,30.3,0.0,0.0,2376.3845781765617,6.268427431564221,12.301384790247514,582320,1,High
41.9,108.8,155.1,25.85,0.0,0.0,1980.204107466372,23.441645894300773,244.60027408333548,582320,0,Medium
59.16,116.71,202.08,33.68,0.0,0.0,1707.323097058082,5.3217659299390085,176.10038283136132,582320,0,High
92.42,117.69,215.06,35.843333333333334,0.0,0.0,3452.0332861510647,20.78784018455605,882.0818908349104,2241624,1,Low
26.1,60.0,84.5,14.083333333333334,0.0,0.0,2699.776170971849,0.0996127289981038,2.2977759235165647,582320,1,Low
27.52,71.74,111.15,18.525,0.0,0.0,11982.036753848495,345.0633600407059,292.5296795059303,1709346,1,Low
26.7,54.7,81.2,13.533333333333331,0.0,0.0,2742.556454002643,37.6015965281495,119.13660310123905,582320,1,Low
34.2,92.6,130.8,21.8,0.0,0.0,3467.071174621538,2.690902574984164,63.05582242889084,582320,0,Medium
37.7,95.7,148.8,24.8,0.0,0.0,2530.4359607382494,33.00829306887558,74.7624066730864,582320,0,Medium
15.1,40.1,59.6,9.933333333333334,0.0,0.0,2930.047620647364,24.49945684902501,115.60869985906824,582320,1,Low
62.37,83.66,162.61,27.10166666666667,0.0,0.0,1988.135262996979,121.53651422875508,440.2604286425904,2731929,0,Low
8.0,19.1,28.1,4.683333333333334,0.0,0.0,2010.649473385712,2.406939896579081,323.41491666850175,582320,0,Low
32.3,88.4,129.0,21.5,0.0,0.0,3760.267302800163,20.18490794210806,60.07051621199059,1709346,0,Medium
31.9,88.1,120.4,20.066666666666663,0.0,0.0,2557.770995436066,10.002047476100737,66.66270090943097,582320,0,Medium
13.4,33.8,46.7,7.783333333333334,0.0,0.0,2468.6680803733925,22.87543905186247,131.63907531682307,582320,1,Low
29.2,63.4,85.6,14.266666666666666,0.0,0.0,3110.711143538816,34.744374223435535,26.08620027235552,582320,0,Low
40.5,100.3,132.7,22.116666666666664,0.0,0.0,2985.3127611026903,8.792059690291333,54.66908598988712,582320,1,Medium
32.7,81.6,124.9,20.816666666666663,0.0,0.0,2905.95139075218,21.446513329975204,131.66435053346794,582320,0,Low
11.6,25.2,35.0,5.833333333333333,0.0,0.0,2759.0572981858554,16.495821293577826,100.85680056140517,582320,0,Low
14.3,33.4,48.3,8.049999999999999,0.0,0.0,3224.745237567854,50.81444174921646,3.569153258034872,582320,0,Low
23.4,59.1,86.2,14.366666666666667,0.0,0.0,3239.597591217733,4.363702765941526,5.043114553440039,582320,1,Medium
41.4,116.9,181.0,30.166666666666668,0.0,0.0,2393.497605609612,18.869469820833373,13.038063739629326,582320,1,Medium
47.21,90.09,166.24,27.706666666666667,0.0,0.0,13016.154945675198,877.3319228717676,1314.5735361575546,2241624,0,Medium
47.07,106.83,161.83,26.971666666666668,0.0,0.0,2124.499287961008,119.19862351406292,499.4945429403383,2241624,1,Low
50.5,127.6,188.6,31.433333333333334,0.0,0.0,2882.653442177843,2.695734605313576,108.3308320037468,582320,0,High
19.2,38.8,54.2,9.033333333333331,0.0,0.0,2840.7817692662816,125.81234828020578,214.0448355900286,582320,0,Low
60.06,121.72,210.53,35.08833333333333,0.0,0.0,9732.671052934136,1662.8914082679603,360.6192386920131,2241624,0,High
14.1,34.0,52.5,8.75,0.0,0.0,2971.2420070369494,26.9800582361434,201.88282252389817,582320,0,Low
24.6,50.2,71.3,11.883333333333333,0.0,0.0,2886.327143908728,28.24848304342268,186.0279392346314,582320,0,Low
30.2,78.5,125.4,20.9,0.0,0.0,3358.530989082672,58.68922375538887,68.09921995448525,142004,0,Medium
2.4,5.1,7.6,1.2666666666666666,0.0,0.0,2234.482554536015,7.798013871161084,132.90271206588497,582320,0,Low
40.7,85.1,126.2,21.03333333333333,0.0,0.0,3018.365849703906,13.382234342138538,249.25366479634909,582320,1,Medium
2.5,6.8,8.9,1.4833333333333334,0.0,0.0,2615.633923697077,4.007323923418633,2.946417354966315,582320,0,Low
4.0,10.0,14.3,2.3833333333333333,0.0,0.0,2867.89020020966,3.1269742589227065,12.408122509888324,582320,0,Low
6.1,15.4,22.6,3.766666666666667,0.0,0.0,2625.84591914776,7.476381012678757,3.0621608486923444,582320,1,Low
41.7,105.8,193.15,32.19166666666667,0.0,0.0,4346.279850147961,84.82744628036886,15.912199723528158,1709346,1,Medium
3.9,11.0,17.5,2.9166666666666665,0.0,0.0,3090.70531854562,1.5474299948224297,264.0973878273299,142004,1,Low
75.97,159.3,211.14,35.19,0.0,0.0,3523.877997122356,12.2830478606927,383.9948712314422,142004,1,High
8.87,20.85,28.58,4.763333333333333,0.0,0.0,3598.207907070897,25.110200442396764,121.15566633452885,2731929,1,Medium
50.6,137.9,205.6,34.266666666666666,0.0,0.0,2990.24575948666,24.85223740738175,120.34930900274075,582320,0,High
60.11,124.04,221.51,36.91833333333333,0.0,0.0,3172.42213447874,7.933460239507985,18.810737830074725,142004,1,High
11.5,23.9,34.9,5.816666666666666,0.0,0.0,2057.3765988324312,30.50761657022797,251.82879872334104,582320,1,Low
13.7,35.3,51.8,8.633333333333333,0.0,0.0,2214.9550660189107,28.03993143200015,134.78536032710664,582320,1,Low
94.74,189.21,247.24,41.20666666666667,0.0,0.0,1921.426097809179,30.31641268550893,37.66637037538543,142004,1,High
12.63,22.82,34.16,5.6933333333333325,0.0,0.0,5325.330795269878,694.580681073425,161.11974569863594,2241624,1,Low
37.3,79.5,104.6,17.433333333333334,0.0,0.0,2855.805294318586,1.98531299242378,24.35040682996908,582320,0,Medium
48.0,125.9,189.0,31.5,0.0,0.0,2498.269818668766,7.423436868538512,18.867209526341,582320,0,High
27.9,66.9,102.3,17.05,0.0,0.0,2670.5930538025364,5.33880899152164,108.73537581390416,582320,1,Medium
57.5,115.4,177.1,29.516666666666666,0.0,0.0,3131.002814202336,1.532862831867157,9.988619718606078,582320,0,Medium
10.2,22.1,29.4,4.9,0.0,0.0,2426.117333772133,14.102575402593798,41.79175230656646,582320,0,Low
50.8,103.5,164.0,27.33333333333333,0.0,0.0,2774.270519935012,26.9717209351056,49.94277752015176,582320,1,Medium
24.1,61.1,90.9,15.15,0.0,0.0,2789.0073243337206,4.018851011941085,186.3731782844561,582320,1,Low
10.56,21.67,29.71,4.951666666666667,0.0,0.0,860.7530178915902,70.5257487842982,228.0961093806677,582320,0,High
49.7,134.4,184.4,30.73333333333333,0.0,0.0,3887.064615094071,17.854697782870495,483.2514470988184,142004,0,High
12.1,26.9,35.9,5.983333333333333,0.0,0.0,2452.0411160139547,14.19194773164648,227.09413020650425,582320,1,Low
5.1,13.6,17.9,2.983333333333333,0.0,0.0,2558.7687426318807,4.621487807468958,76.79395307135458,582320,0,Low
39.33,95.4,138.92,23.15333333333333,0.0,0.0,13423.029260597414,3099.045161818948,760.247996313275,1709346,0,Low
18.83,51.66,93.45,15.575,0.0,0.0,8178.417722785034,773.2997685659598,267.97437254217857,887978,0,Medium
54.7,109.5,163.4,27.23333333333333,0.0,0.0,689.8391660277659,25.773524205118324,32.870621995775835,887978,0,High
11.2,30.1,40.6,6.766666666666667,0.0,0.0,3450.6456010505626,37.9276915981369,23.790092033755123,582320,1,Low
8.2,21.4,33.0,5.5,0.0,0.0,2351.245277917234,27.316612884059595,86.64801353730647,582320,0,Low
19.2,38.9,57.9,9.65,0.0,0.0,2750.3568581389527,8.974173362438524,57.82875490362719,582320,0,Low
86.84,137.45,190.91,31.81833333333333,0.0,0.0,3742.434242770305,17.033832967527808,91.25681168953416,2241624,0,High
53.4,123.7,162.2,27.03333333333333,0.0,0.0,2140.236825308701,34.69554590924696,150.72146800678254,582320,0,High
4.5,9.3,14.5,2.4166666666666665,0.0,0.0,3006.473148572229,17.604158405034994,133.59167334639378,582320,0,Low
4.5,11.8,18.1,3.016666666666667,0.0,0.0,3675.581360756823,1.96649037613994,34.05585540256951,582320,1,Low
10.5,25.5,40.2,6.7,0.0,0.0,2175.7774047859207,15.975672825058968,459.775077804007,2543243,0,Medium
67.12,144.77,187.57,31.261666666666667,0.0,0.0,9397.816276031634,17.484038871475683,41.67461980415485,1709346,1,Low
32.96,40.79,75.16,12.526666666666666,0.0,0.0,1758.552960269063,24.87951974537052,225.80758011854272,887978,0,Low
76.04,155.05,196.52,32.75333333333334,0.0,0.0,5470.3076600577015,14.602699079561337,24.69071417989837,887978,1,High
15.55,28.48,42.78,7.13,0.0,0.0,890.6659297899369,23.006337058495987,130.5592001004672,2241624,1,Low
18.7,49.6,79.2,13.2,0.0,0.0,3435.9921738412568,41.15549636127261,130.66743073365808,582320,1,Low
53.8,136.3,180.5,30.08333333333333,0.0,0.0,3410.348523550755,16.702213213633215,46.15754118154175,582320,1,High
26.5,63.4,85.1,14.183333333333332,0.0,0.0,2148.9740521084464,6.759592324961927,152.6045991595094,582320,0,Low
10.1,28.5,41.1,6.8500000000000005,0.0,0.0,2431.525106535764,39.76374572763648,47.08975217794394,582320,0,Low
15.3,32.8,48.7,8.116666666666667,0.0,0.0,2171.2062030412726,51.71180619406855,137.28543737783093,582320,1,Low
10.3,29.2,41.9,6.983333333333333,0.0,0.0,2791.566403710803,2.11164630785959,0.2256303233318837,582320,0,Low
61.87,141.53,224.47,37.41166666666667,0.0,0.0,6465.310147967259,132.0660136400499,7.373024426775363,1709346,0,Low
36.6,76.4,104.7,17.45,0.0,0.0,4128.25146581928,15.051221857633593,388.3930701435716,142004,0,High
4.7,12.3,16.0,2.6666666666666665,0.0,0.0,2676.0160393888177,6.10824511683745,189.72175047514585,582320,0,Low
34.3,75.3,100.1,16.683333333333334,0.0,0.0,3542.645915769288,4.458794650239931,18.11402374334622,1709346,1,Medium
62.97,130.31,180.52,30.08666666666667,0.0,0.0,8765.568058313303,7.988122970562992,106.59869047959974,887978,1,High
35.3,97.0,145.8,24.3,0.0,0.0,3263.8737827062014,35.08947333153212,112.4612910957835,142004,0,High
12.6,32.6,44.5,7.416666666666667,0.0,0.0,2917.3253911869715,6.250587012697199,0.8946392956470515,582320,1,Low
28.6,72.5,100.2,16.7,0.0,0.0,2028.099663549972,14.148290267526807,291.6778947026931,582320,0,Medium
42.2,108.0,162.6,27.1,0.0,0.0,1808.2279425376423,4.38660532208725,801.8101755656118,1709346,0,High
49.6,114.1,170.8,28.46666666666667,0.0,0.0,2870.74884091557,16.89980719788942,113.6054840468243,582320,0,Medium
95.47,137.25,234.66,39.11,0.0,0.0,9651.8600920118,1486.8517417515666,823.1080493231914,2241624,1,High
6.2,14.4,20.9,3.483333333333333,0.0,0.0,3555.509249259661,7.850479801973249,31.72914775841521,1709346,0,Low
60.27,126.48,182.53,30.421666666666667,0.0,0.0,16281.253539156702,3593.7241005614146,710.7562848342998,1709346,0,High
31.6,90.1,122.7,20.45,0.0,0.0,3088.2929987226025,29.931197494246103,28.45831503499367,582320,0,Medium
18.5,40.2,56.2,9.366666666666667,0.0,0.0,3027.20617358106,31.136452819328795,39.30034968379906,582320,1,Low
47.9,136.1,178.4,29.73333333333333,0.0,0.0,3115.2241677112697,9.47836575297647,243.76604085750435,142004,0,High
50.54,105.19,146.56,24.426666666666662,0.0,0.0,9456.117307936793,15.390831789470052,92.90130715525368,1709346,1,High
58.5,126.6,170.3,28.383333333333336,0.0,0.0,2397.3465188774026,36.72719077775831,35.08680577030145,582320,0,High
8.3,19.9,28.8,4.8,0.0,0.0,2954.42055284558,7.304534453134203,158.65951894243454,582320,1,Low
32.42,70.92,96.07,16.011666666666667,0.0,0.0,8119.667887844021,334.2917621859557,169.37416124933546,887978,1,High
7.7,16.8,26.3,4.383333333333334,0.0,0.0,2297.667677927305,51.29919121437904,113.90759164208356,582320,0,Low
22.9,60.8,94.1,15.683333333333332,0.0,0.0,3072.2640602979563,4.8944651176712215,93.07866237960847,582320,0,Low
55.62,75.62,164.24,27.37333333333333,0.0,0.0,4222.3604299342605,90.01638158850056,12.014949323728542,887978,0,Medium
58.5,131.7,183.2,30.53333333333333,0.0,0.0,2399.997963598144,37.41012601962151,68.90844608243586,582320,0,High
4.7,10.0,14.4,2.4,0.0,0.0,3597.007852469734,16.977347180202205,62.68983289070739,1709346,1,Low
42.8,111.9,154.7,25.78333333333333,0.0,0.0,2910.8091533390816,9.67544507344606,92.59742829715309,582320,0,High
44.78,115.8,144.79,24.131666666666664,0.0,0.0,2791.7412920590064,5.861625771630254,5.1450206540761405,142004,0,High
38.3,100.7,137.5,22.916666666666668,0.0,0.0,2736.7358674807774,22.91014568594933,215.24208434102687,582320,1,Medium
54.9,124.9,167.0,27.83333333333333,0.0,0.0,3360.788921988117,36.05102593321934,30.85740234260979,582320,1,Medium
10.4,22.4,30.5,5.083333333333333,0.0,0.0,3321.095905950811,12.791468726007738,7.587563496351137,582320,0,Low
10.6,25.3,38.5,6.416666666666667,0.0,0.0,2703.058858608678,2.44752089822119,191.77550910854032,582320,0,Low
25.2,71.8,106.5,17.75,0.0,0.0,2448.3904807295244,6.383195318130327,25.852977924338408,582320,1,Low
6.6,13.8,18.4,3.0666666666666664,0.0,0.0,2848.688845218885,3.910611552535343,5.043695577648409,582320,1,Low
51.36,104.91,190.03,31.671666666666667,0.0,0.0,5412.913140682414,6.582700847141039,28.039183925887507,142004,1,High
39.5,95.0,146.7,24.45,0.0,0.0,3553.0448898795253,12.941158439816546,30.948640047293765,582320,1,Medium
5.2,11.9,17.2,2.8666666666666667,0.0,0.0,3014.432295839108,4.544938880197653,2.5162514585064915,582320,1,Low
7.8,15.7,24.2,4.033333333333333,0.0,0.0,2321.2471778475124,8.95692577238475,209.0699456866574,582320,0,Low
9.4,24.9,38.4,6.4,0.0,0.0,2321.125593986028,21.290253099536105,1.562745547159018,582320,1,Low
46.6,101.3,148.0,24.666666666666668,0.0,0.0,3039.0457860482093,27.258817166597428,25.771131717158465,582320,1,Medium
18.2,39.0,53.6,8.933333333333334,0.0,0.0,2934.8499814759257,3.285092560463825,38.25775224266999,582320,1,Low
61.77,155.44,209.55,34.925000000000004,0.0,0.0,16075.970340574491,5454.467925145868,849.6838274792054,2241624,1,Medium
56.1,138.0,211.0,35.166666666666664,0.0,0.0,3412.9317192749345,39.607761692287774,11.125897637790624,582320,1,High
7.4,15.1,23.6,3.9333333333333336,0.0,0.0,2864.5278405887098,5.083989159932671,0.797904515196953,582320,0,Low
28.7,68.5,93.4,15.566666666666668,0.0,0.0,3552.125981176844,6.275904185064025,49.3508212149446,142004,0,Low
42.09,55.59,123.86,20.64333333333333,0.0,0.0,3177.89801311312,2.651467983006355,67.33551970917414,582320,1,Low
93.04,170.79,221.42,36.90333333333333,0.0,0.0,11143.217995566303,992.9081915451376,444.7228274062332,1709346,0,High
21.8,61.48,73.66,12.276666666666666,0.0,0.0,8363.339444369978,894.7354934981649,482.4202720334298,887978,0,High
44.9,105.0,156.3,26.05,0.0,0.0,2420.1713805941063,12.53416793495319,199.43703391175936,582320,0,Medium
47.6,124.4,189.1,31.516666666666666,0.0,0.0,3357.311382710848,41.12892356252128,51.71471351016766,142004,1,High
26.3,65.1,101.8,16.966666666666665,0.0,0.0,3570.310587190992,1.4343469081239997,34.91463765252943,582320,1,Low
34.0,85.8,116.4,19.4,0.0,0.0,2769.6055242585285,6.69403856286936,55.472838314470174,582320,0,Medium
39.0,82.2,121.7,20.28333333333333,0.0,0.0,3343.0533119717334,32.222471159904295,35.24044980430316,582320,0,Low
44.04,105.28,130.79,21.79833333333333,0.0,0.0,6911.081705328005,30.92828093094853,66.99101683135785,1709346,1,High
42.17,94.29,120.75,20.125,0.0,0.0,2776.236798367643,1.3889622727912774,100.3852319639606,1709346,1,Medium
82.05,212.17,282.53,47.08833333333333,0.0,0.0,7032.604363703314,87.81359148270863,164.42275628096402,2731929,1,High
6.1,15.7,24.9,4.15,0.0,0.0,1943.7617216906435,6.42560799562196,309.5362501459059,582320,1,Low
29.7,63.4,95.9,15.983333333333334,0.0,0.0,3293.7316837533226,15.70072080148384,99.1143116175012,582320,1,Low
10.1,24.0,33.4,5.566666666666666,0.0,0.0,2320.1487929665486,8.054222164675721,192.7629990204241,582320,0,Low
15.82,39.02,61.35,10.225,0.0,0.0,10678.2816949728,151.87422590563355,315.069081910672,1709346,0,High
34.0,72.7,108.3,18.05,0.0,0.0,3103.305926237267,17.05717236619062,62.46478459983287,582320,1,Low
66.7,156.91,223.31,37.21833333333333,0.0,0.0,13603.031673099378,781.5208695854128,720.2648149221375,2241624,0,High
63.2,130.9,172.9,28.816666666666663,0.0,0.0,3080.2415482130527,21.29993853693428,109.6001038584495,142004,1,High
27.1,54.5,84.2,14.033333333333331,0.0,0.0,2911.5720905080434,17.15836360654124,167.94418427004038,582320,0,Low
88.45,216.68,313.17,52.195,0.0,0.0,3632.5930444101614,35.27562798942333,88.93453200676406,2241624,0,High
36.1,102.5,142.8,23.8,0.0,0.0,2136.6556770901007,11.140722909798756,148.0712296660932,582320,0,Medium
67.63,153.39,199.32,33.22,0.0,0.0,8314.985442514797,1.7391721483467617,1113.489377889218,887978,0,Medium
49.3,135.6,176.5,29.416666666666668,0.0,0.0,2947.45278731098,30.976340211854023,152.72076872221447,582320,1,High
20.3,43.5,62.2,10.366666666666667,0.0,0.0,3337.1935176728043,0.4527339436320687,86.6868873329374,582320,1,Low
38.8,101.2,150.4,25.066666666666663,0.0,0.0,2550.4519096320228,23.510189251347807,176.4295276751362,582320,0,High
2.1,5.3,7.9,1.3166666666666669,0.0,0.0,4284.47725563441,98.28056671318164,533.1021802177875,142004,0,Low
44.2,104.07,159.43,26.57166666666667,0.0,0.0,6970.665961745099,11.270604870397705,26.400926135777727,887978,0,High
95.95,123.52,217.78,36.29666666666667,0.0,0.0,5168.792470872997,1.7221350693348834,21.6749908471371,142004,0,High
6.4,17.1,23.0,3.8333333333333335,0.0,0.0,2720.171675082447,10.302539304643965,0.1983844942556316,582320,1,Low
9.28,23.87,37.59,6.265000000000001,0.0,0.0,13606.641130358044,5126.458559445872,170.04395755266015,2241624,0,High
64.97,134.23,191.11,31.85166666666667,0.0,0.0,12758.794787223223,4590.106549706585,263.8402392966556,2241624,1,High
10.76,40.39,70.15,11.691666666666668,0.0,0.0,7508.286534627828,9.280241932961694,601.4414644486119,1709346,0,Low
3.2,7.6,11.3,1.8833333333333333,0.0,0.0,2627.68131764535,5.041246931489743,148.24705218225265,2731929,1,Low
14.6,41.5,66.0,11.0,0.0,0.0,2009.0125571099345,3.1615047012416104,2.186112441621604,582320,0,Low
33.6,81.6,123.4,20.566666666666663,0.0,0.0,2857.6447847731565,1.0400902162042325,2.3771847246908675,582320,0,Medium
22.9,46.1,71.2,11.866666666666667,0.0,0.0,2808.229919374226,4.754693659658212,89.61584358817868,582320,1,Low
11.3,28.3,40.3,6.716666666666666,0.0,0.0,2828.06726082278,59.92684167265551,149.93254080272817,582320,0,Low
6.1,14.0,20.3,3.3833333333333333,0.0,0.0,2823.0802756850103,5.361167608481636,99.8769790512327,582320,0,Low
28.35,63.37,93.85,15.641666666666666,0.0,0.0,5134.462306532803,734.3726601721012,372.0226568345793,2241624,1,High
24.1,63.3,88.2,14.7,0.0,0.0,3057.627008201793,4.125092275474537,3.4162424430408618,582320,0,Low
3.8,10.3,13.4,2.2333333333333334,0.0,0.0,2945.767573698193,11.563097407058336,80.28047608523013,582320,0,Low
10.1,27.1,41.4,6.9,0.0,0.0,3114.714820731444,0.2367559366750688,2.295330053254107,582320,1,Low
25.2,65.9,98.2,16.366666666666667,0.0,0.0,2355.2013109261347,8.169954686189111,50.96608730539537,582320,1,Low
57.8,129.0,188.7,31.45,0.0,0.0,2818.9313659522554,128.96074581303736,214.5763403410737,582320,1,High
45.8,92.5,139.9,23.316666666666663,0.0,0.0,3505.9714619626525,43.60612143616694,13.421088934949651,582320,0,Medium
36.1,97.4,129.9,21.65,0.0,0.0,3121.803955581659,5.916064771199873,29.108015731550417,582320,0,Medium
89.27,162.79,229.95,38.325,0.0,0.0,16251.792348623789,3542.7190258627097,643.7800445398422,1709346,1,Medium
8.21,17.91,28.2,4.7,0.0,0.0,14399.47893705,362.09094326895735,46.6872060007553,2241624,0,Low
3.2,8.3,11.3,1.8833333333333333,0.0,0.0,1891.9862526157312,2.683293043742477,237.10687008146004,582320,1,Low
4.2,10.5,16.2,2.7,0.0,0.0,2038.086185203679,3.644771423843596,217.14305839666287,582320,0,Low
82.25,144.08,195.52,32.586666666666666,0.0,0.0,14658.167598618127,174.94286577209712,249.6484715064801,2241624,1,Medium
41.33,76.28,92.58,15.43,0.0,0.0,6427.002559923962,18.13440109485085,59.23886694333571,887978,0,Low
28.3,65.4,91.3,15.216666666666669,0.0,0.0,3196.2928160380643,9.495714184898157,147.15747058552282,582320,0,Low
42.7,109.5,164.3,27.383333333333336,0.0,0.0,2736.872575477405,1.7377956200076423,123.85228964133844,582320,1,Medium
25.75,49.03,61.69,10.281666666666666,0.0,0.0,5815.386864745448,0.093815042925756,2.442949382813879,887978,1,Low
7.3,20.3,27.3,4.55,0.0,0.0,3140.279559010753,22.4790393706802,24.29518294676159,582320,0,Low
76.74,102.91,178.91,29.81833333333333,0.0,0.0,6245.228354163538,26.31446622978713,509.8413989354932,887978,1,High
38.0,78.5,113.1,18.85,0.0,0.0,2657.92349501111,5.434504237392527,114.56147690150574,582320,0,Medium
6.6,14.1,21.8,3.633333333333333,0.0,0.0,2941.92945380476,31.060360468222488,129.66952683027085,582320,0,Low
3.3,6.9,9.1,1.5166666666666666,0.0,0.0,2876.0156860625425,5.382321250625607,23.8230806070952,582320,0,Low
44.11,86.39,137.16,22.86,0.0,0.0,1708.8421393926258,23.925434717811047,460.5774851683906,2241624,0,Low
52.7,114.5,159.4,26.566666666666663,0.0,0.0,2032.446419353585,8.473748564038074,223.1687447085932,582320,1,Medium
22.8,53.4,79.4,13.233333333333334,0.0,0.0,3321.427926707487,2.275722254843146,48.88474999729977,582320,0,Low
7.0,14.9,19.5,3.25,0.0,0.0,3097.6092320939274,23.473468358604705,92.22261973776617,582320,1,Low
36.51,46.77,127.25,21.20833333333333,0.0,0.0,4069.435032451307,1.0661704440718816,246.85663480646545,2731929,0,Medium
25.35,65.24,104.18,17.363333333333333,0.0,0.0,360.6385205546961,14.54331182354932,295.93074790607216,2241624,1,Medium
48.4,114.6,155.8,25.96666666666667,0.0,0.0,2639.2092365830013,4.648553366257335,7.725271103641437,582320,0,High
7.96,50.61,85.37,14.228333333333332,0.0,0.0,8564.959954907334,7.371345632688363,22.552902857995907,887978,0,High
92.45,210.02,267.34,44.556666666666665,0.0,0.0,3398.290098346345,30.581161737817062,312.4829117410997,2241624,0,High
4.1,11.0,17.3,2.8833333333333333,0.0,0.0,2028.985126755404,5.807189663905328,283.2674346428339,582320,1,Low
45.4,96.7,154.0,25.666666666666668,0.0,0.0,2935.527768499386,2.3206018519218548,143.14205436496837,887978,0,High
47.4,119.2,159.8,26.633333333333336,0.0,0.0,6460.609412171085,1.1002563644690186,8.833604813488888,887978,1,High
5.6,14.6,19.4,3.233333333333333,0.0,0.0,3052.78061935545,3.2199429897336254,19.84456140865141,582320,1,Low
25.6,68.7,92.5,15.416666666666666,0.0,0.0,8048.639652183836,55.20132543940816,157.26275008093046,2731929,0,Medium
51.9,128.0,191.3,31.883333333333336,0.0,0.0,2384.608727063866,4.740184551676852,23.44810369262874,582320,1,High
45.0,97.3,128.2,21.366666666666664,0.0,0.0,3084.3285221657275,20.63808428861556,177.96546155101325,582320,0,Medium
36.53,69.87,91.32,15.22,0.0,0.0,6417.811615395046,1823.0667365344484,481.59356548199617,2241624,1,Low
25.6,62.0,84.7,14.116666666666667,0.0,0.0,3435.0696149127016,45.34792454981918,20.597184464118705,142004,1,Low
13.26,23.92,35.83,5.971666666666667,0.0,0.0,6705.097545419141,112.53309111293966,139.38480562164,887978,1,Medium
70.6,133.48,222.72,37.12,0.0,0.0,17291.283430081992,4494.110442629862,625.0802005677393,2241624,1,Medium
14.11,56.82,143.31,23.885,0.0,0.0,5906.6268363054,38.10877836713542,341.1898724326643,2241624,1,Low
48.2,124.0,189.4,31.566666666666663,0.0,0.0,2546.069233550846,26.16279572911982,18.38961526485155,582320,0,Medium
13.9,36.3,52.0,8.666666666666666,0.0,0.0,2919.6608772980867,41.78069678371716,132.41849704280858,582320,1,Low
41.2,101.8,160.9,26.816666666666663,0.0,0.0,2764.1969339732937,7.088832964302563,213.92745270137075,582320,1,Medium
75.46,113.97,163.52,27.25333333333333,0.0,0.0,2974.5642731947423,74.25586940194351,0.3957389474900693,3656539,0,Medium
56.7,121.4,165.6,27.6,0.0,0.0,2945.7392740416763,1.4376255662089956,16.493405487491906,582320,1,High
14.1,38.4,51.9,8.65,0.0,0.0,2606.8812457368344,26.211115763689914,22.766161455142857,582320,0,Low
12.93,30.81,44.09,7.348333333333334,0.0,0.0,3911.8365755381246,2.619934324040349,0.8922382705162228,2241624,1,Low
93.16,128.07,176.68,29.44666666666667,0.0,0.0,8665.52688704063,782.9077936757733,877.2763758821029,2241624,0,High
33.7,94.9,136.4,22.73333333333333,0.0,0.0,3224.3671053549374,7.622721008394423,5.107952848936322,142004,0,Medium
31.4,80.6,123.2,20.53333333333333,0.0,0.0,2793.416703485638,3.1240119008551783,192.07248532963112,582320,0,Medium
20.1,42.4,57.7,9.616666666666667,0.0,0.0,2488.0319584621075,15.644220333634362,39.98726924889411,582320,0,Low
91.84,182.97,238.43,39.73833333333334,0.0,0.0,6532.614083627,1816.1372814210583,343.2511611308847,2241624,0,Medium
8.4,20.4,31.1,5.183333333333334,0.0,0.0,2854.6320180035004,6.411693018269355,101.141998829011,582320,0,Low
18.0,40.8,64.1,10.683333333333332,0.0,0.0,2782.7965395350056,7.987695410725156,2.040908942052592,582320,0,Low
14.9,35.2,45.9,7.649999999999999,0.0,0.0,2745.2317207969004,23.98430032225645,168.67456815615722,582320,1,Low
95.07,107.66,142.33,23.721666666666668,0.0,0.0,4286.410417188805,81.69181084059825,142.3931730005929,2241624,1,Low
6.9,14.5,21.6,3.6,0.0,0.0,3061.468428205845,32.62892403853548,53.33413012090758,582320,0,Low
6.4,16.9,26.5,4.416666666666667,0.0,0.0,1909.2844240128509,13.433969296275658,206.575092226105,582320,0,Low
32.9,67.1,95.1,15.85,0.0,0.0,3114.978532438071,15.53989294768628,155.00317245443176,582320,1,Low
26.6,69.2,92.6,15.433333333333332,0.0,0.0,2922.9999316605576,19.81275198760164,37.80924099353043,582320,0,Medium
53.4,111.6,148.8,24.8,0.0,0.0,2491.274041569179,17.601925524017112,249.65444035206525,582320,0,Medium
10.82,42.02,85.81,14.301666666666668,0.0,0.0,3476.328748202168,29.7057051265088,36.49298503541806,2731929,0,Low
52.0,134.7,180.2,30.03333333333333,0.0,0.0,2658.114371694538,41.139496801231125,172.54951065817278,582320,1,High
98.41,118.14,161.74,26.956666666666667,0.0,0.0,3106.7679830118705,126.34091104256986,638.4321866839433,142004,1,Medium
69.34,161.26,202.01,33.66833333333333,0.0,0.0,9226.78788861196,268.04214601099466,416.95144886436185,2241624,1,Low
25.6,61.3,87.7,14.616666666666667,0.0,0.0,2495.701446393703,4.066804465552348,60.382366233606646,582320,1,Low
13.9,33.7,50.0,8.333333333333334,0.0,0.0,3177.577471544583,5.249478986461052,103.90492444170351,582320,0,Low
47.53,103.02,135.56,22.593333333333334,0.0,0.0,9168.841794265172,1242.2668977342444,348.8199622267396,2241624,0,Medium
24.37,45.78,63.15,10.525,0.0,0.0,6500.8290507231,6.789329687230235,37.42632549191012,1709346,0,Low
30.4,81.3,112.2,18.7,0.0,0.0,2946.603931958461,17.012474660785017,59.34744043104259,582320,1,Medium
83.02,173.03,229.08,38.18,0.0,0.0,12520.636786276182,3244.1807071693515,396.73461640343066,2241624,0,High
7.2,15.6,22.2,3.7,0.0,0.0,2592.7054637658925,17.93157456725863,150.4180218931031,582320,1,Low
32.3,66.8,98.6,16.433333333333334,0.0,0.0,2734.474582826296,27.57199950125685,165.62651198810843,582320,1,Low
17.66,37.62,53.86,8.976666666666667,0.0,0.0,5590.864756810782,13.97936659861814,383.3819345733944,887978,0,Medium
25.4,61.0,87.5,14.583333333333334,0.0,0.0,2031.723356405944,14.036122320277398,214.85986640774445,582320,1,Medium
7.4,18.1,28.9,4.816666666666666,0.0,0.0,2505.613311250022,14.91294740592368,43.38742021113237,582320,0,Low
23.3,56.1,79.3,13.216666666666669,0.0,0.0,2806.651714071017,8.918150999847203,141.7563261748641,582320,1,Low
6.9,14.9,20.8,3.466666666666667,0.0,0.0,2022.2925904460328,197.4982593511853,437.367376446771,2731929,1,Low
8.9,19.5,29.7,4.95,0.0,0.0,3015.4672460291968,30.27882632252725,68.61678469137561,582320,1,Low
55.2,119.7,163.5,27.25,0.0,0.0,2511.3996138834286,5.986256847668137,148.26680426772475,582320,1,High
38.8,95.2,138.3,23.05,0.0,0.0,3287.547787713518,57.19838722312794,104.35492528993582,142004,1,Medium
9.6,26.8,41.1,6.8500000000000005,0.0,0.0,2605.3444401318325,17.742939082677655,127.69334241532896,582320,0,Low
29.9,62.3,91.6,15.266666666666666,0.0,0.0,2912.6003222606446,8.083617585122388,26.221498316690315,582320,1,Low
94.18,160.28,205.42,34.236666666666665,0.0,0.0,8410.428718842062,50.04922905351955,20.466336409516245,887978,0,Medium
64.8,133.8,204.5,34.083333333333336,0.0,0.0,3518.9304946761213,2.6111908222741302,50.77630627426059,142004,1,High
66.0,133.3,203.6,33.93333333333333,0.0,0.0,3001.2242683039585,6.344591838031162,35.72956011445967,582320,0,High
80.47,199.16,294.83,49.13833333333333,0.0,0.0,13811.324250695518,2108.764562446732,94.60442052608435,1709346,0,High
24.5,58.9,88.4,14.733333333333334,0.0,0.0,2382.989898828652,38.35431969910583,86.40563630209405,582320,0,Low
25.22,60.23,86.35,14.391666666666666,0.0,0.0,7354.05063691932,179.47588388657545,1037.959678426855,2241624,1,High
3.4,8.5,11.9,1.9833333333333327,0.0,0.0,2762.576555972836,16.101893085132506,70.13158052016355,582320,1,Low
7.8,17.1,26.0,4.333333333333333,0.0,0.0,2501.6461208614323,37.898483205558215,97.51457538386651,582320,0,Low
17.2,36.5,52.5,8.75,0.0,0.0,2691.739350027693,12.683217409427993,160.06546564801394,582320,1,Low
76.09,185.06,250.07,41.678333333333335,0.0,0.0,8109.819412955901,10.290551222321794,70.97401724245911,1709346,0,Medium
26.8,55.8,87.7,14.616666666666667,0.0,0.0,3097.229328438352,70.627386157443,198.1704923402972,582320,1,Low
23.3,50.6,77.0,12.833333333333334,0.0,0.0,3129.6874577160897,28.09665518153505,168.59055478070735,582320,1,Low
65.0,136.4,195.1,32.516666666666666,0.0,0.0,3474.9187761796434,38.46729014983891,23.06780951477624,582320,1,High
39.31,101.18,124.66,20.776666666666667,0.0,0.0,15377.18459600314,1558.7453151962122,246.5065932817754,2241624,1,High
40.4,110.0,145.4,24.23333333333333,0.0,0.0,3092.2712989468546,15.61312409797933,112.3726850838932,142004,0,Medium
34.8,89.7,136.8,22.8,0.0,0.0,2737.9414128078074,5.516756423400446,8.951015432889518,582320,0,Medium
38.35,75.47,102.43,17.07166666666667,0.0,0.0,10743.64646647849,1790.2419763393164,436.3662252466063,887978,1,Medium
77.96,103.02,133.06,22.176666666666662,0.0,0.0,8543.537523078116,1027.4162547105343,145.89572980177056,887978,1,Medium
8.3,18.8,28.1,4.683333333333334,0.0,0.0,3114.4125955169134,20.3112747393163,67.58494114893985,142004,1,Low
27.2,74.6,111.2,18.53333333333333,0.0,0.0,2402.120268049416,5.418426354146561,43.89566547315504,582320,0,Medium
21.0,32.83,126.6,21.1,0.0,0.0,11599.015597275831,3612.992988759384,77.19027147948535,2241624,1,High
11.2,22.7,31.1,5.183333333333334,0.0,0.0,3022.4869692083103,1.0728752615081631,15.18625923526696,582320,0,Low
19.1,48.8,76.6,12.766666666666666,0.0,0.0,3362.7635834407342,35.19944357687523,4.41657026755993,142004,1,Low
37.4,86.2,135.8,22.633333333333336,0.0,0.0,2937.7308792688063,10.52468671732828,6.308372411256112,582320,1,Medium
13.7,30.2,45.4,7.566666666666666,0.0,0.0,2308.051536690517,61.31823720622448,149.0920979003296,582320,1,Low
38.5,78.0,104.8,17.466666666666665,0.0,0.0,2804.7779251872275,3.032166958299297,192.614618616453,582320,1,Medium
45.6,99.4,154.3,25.71666666666667,0.0,0.0,2692.30113784768,26.35790198245544,133.91225297888178,582320,0,Medium
6.0,16.9,25.6,4.266666666666667,0.0,0.0,2977.941775973538,20.292871034986995,75.79808987394884,582320,1,Low
32.6,67.5,99.5,16.583333333333332,0.0,0.0,3392.8262978409634,10.746566165504351,59.97066135940453,582320,0,Medium
15.5,42.1,61.1,10.183333333333334,0.0,0.0,2975.5019723284195,4.87060016563663,91.63346590857267,582320,1,Low
90.03,222.0,319.9,53.31666666666666,0.0,0.0,988.0557065173608,169.70424853239928,189.31382032078665,887978,0,Medium
60.87,134.62,190.76,31.793333333333333,0.0,0.0,9090.67582504688,53.8187328755712,255.69469579864733,2241624,0,High
12.9,28.6,44.2,7.366666666666667,0.0,0.0,3628.788317888873,49.00298752341331,33.733252996706035,582320,1,Low
70.85,108.91,142.77,23.795,0.0,0.0,7567.297993930984,1.6084266032416017,85.90584717461611,2731929,1,High
92.86,237.62,369.97,61.66166666666667,0.0,0.0,3727.953090103132,1.70309132246212,898.6866964972527,142004,0,High
53.9,122.2,166.3,27.71666666666667,0.0,0.0,3224.5086504185147,36.862599622648936,9.652485388960724,582320,1,High
35.5,74.3,107.4,17.900000000000002,0.0,0.0,2530.8131829073773,81.45274478952338,0.2287811686107146,887978,0,Medium
46.77,109.44,140.32,23.386666666666667,0.0,0.0,3901.0787676879295,6.948626267809551,98.3479345415145,142004,0,High
17.4,44.9,65.9,10.983333333333334,0.0,0.0,2468.211808784612,8.223030579475353,96.10824069998937,582320,1,Low
57.6,118.7,155.1,25.85,0.0,0.0,2880.1362320157023,57.797396280159255,165.0224209092477,582320,1,High
44.3,122.0,194.6,32.43333333333333,0.0,0.0,2142.118656212626,3.087469696632004,158.08141976802372,582320,1,High
81.61,203.95,290.83,48.47166666666666,0.0,0.0,2275.776196556425,8.381746579498985,293.7215601035775,2241624,0,High
99.73,258.14,388.11,64.685,0.0,0.0,3530.883356307527,10.199973474000592,292.48400208238456,887978,0,High
12.7,30.2,44.0,7.333333333333333,0.0,0.0,3156.309666556641,63.56109699162021,28.01905853659367,582320,0,Low
38.9,80.3,118.8,19.8,0.0,0.0,3656.553836223866,20.171261561511194,177.20339644630977,142004,0,Medium
15.6,38.3,59.4,9.9,0.0,0.0,2981.747921003974,33.31034328787512,62.52635021192898,582320,1,Low
12.3,25.6,33.8,5.633333333333333,0.0,0.0,2772.881070528813,122.74620521109958,203.48462958075373,582320,0,Low
4.4,9.3,13.0,2.1666666666666665,0.0,0.0,2231.999276814533,6.770851705823941,5.039051869045215,582320,0,Low
36.8,107.99,201.94,33.656666666666666,0.0,0.0,7249.905107489458,32.98706041019082,24.174235079092217,887978,1,Low
43.9,95.8,144.7,24.116666666666664,0.0,0.0,1880.3886835498467,13.648748386156113,389.1355848275682,582320,1,Medium
25.1,60.8,96.6,16.099999999999998,0.0,0.0,3116.3401081310194,3.4598774081996733,145.886779914136,582320,1,Low
15.0,42.6,56.2,9.366666666666667,0.0,0.0,3060.3035054721868,0.8226324776206939,0.8123381777364855,582320,0,Low
90.76,145.69,231.66,38.61,0.0,0.0,11818.045564838676,1500.803597697494,22.510066519620107,1709346,1,High
53.2,136.2,196.4,32.733333333333334,0.0,0.0,4900.321820936929,19.34534269080984,134.66527763489194,142004,1,High
12.6,32.6,43.1,7.183333333333334,0.0,0.0,2216.892242251027,23.82778642405467,142.15472932338847,582320,0,Low
25.0,66.0,105.3,17.55,0.0,0.0,2954.562162745177,1.6046146532976722,7.320819088484233,582320,0,Low
80.91,180.18,264.75,44.125,0.0,0.0,12478.46702491706,2309.7723567092216,305.0461516046863,1709346,1,High
42.1,98.5,157.5,26.25,0.0,0.0,3379.584559146858,11.153134543020872,87.64831694619963,582320,1,Medium
29.9,70.3,107.7,17.95,0.0,0.0,3802.0050006282568,105.0174054884856,20.433284423462105,1709346,1,Low
34.18,88.55,134.42,22.40333333333333,0.0,0.0,2905.7489957945254,18.82014073660956,178.06118914045578,582320,1,Medium
19.9,54.6,87.3,14.55,0.0,0.0,2589.70656529507,62.21136300582437,119.28260964012418,582320,1,Low
64.3,134.4,200.1,33.35,0.0,0.0,3004.2415017300964,18.560060700644023,26.65907361659238,582320,1,High
8.9,24.3,36.3,6.05,0.0,0.0,2432.1512312360283,4.472755835855255,24.42406726471117,582320,0,Low
20.3,42.6,67.8,11.3,0.0,0.0,2620.0498781860506,28.876200715317843,31.865141043875056,582320,0,Low
42.69,96.38,142.29,23.715,0.0,0.0,576.7015787109095,1.132557559996359,292.2852864674357,2241624,0,Medium
69.49,134.66,189.37,31.561666666666667,0.0,0.0,11112.814949539905,207.76779398343672,81.11577105893137,887978,1,Medium
11.5,24.5,35.8,5.966666666666666,0.0,0.0,3011.215658267327,58.25502525281609,139.17745773409862,582320,1,Low
61.6,133.4,205.2,34.2,0.0,0.0,2576.4154762066087,9.990270351297523,111.6295641375762,582320,0,High
9.5,19.5,30.0,5.0,0.0,0.0,2959.8811934547475,2.034017282546168,3.780204146002824,582320,1,Low
37.0,82.2,110.8,18.466666666666665,0.0,0.0,3270.793966063524,22.898649613236035,8.97666858319371,582320,1,Medium
87.85,115.59,165.13,27.521666666666665,0.0,0.0,2610.87221813428,3.812219208160229,154.14931316227268,142004,0,High
9.6,22.3,34.0,5.666666666666667,0.0,0.0,2008.1274531462525,4.116363545899895,325.7266440065412,582320,0,Low
49.9,132.2,189.9,31.65,0.0,0.0,759.2953904099802,4.725280030973363,371.72169571239687,2292958,0,High
24.18,85.81,146.05,24.34166666666667,0.0,0.0,5310.265925378387,668.6376671303387,275.1078958830497,1709346,0,High
20.2,46.3,64.5,10.75,0.0,0.0,8225.606501013812,73.57367907735893,85.51298878029273,2731929,1,Medium
16.8,33.9,51.1,8.516666666666667,0.0,0.0,2401.048913207653,2.7872444782639048,159.5658231216016,582320,1,Low
13.3,37.2,51.9,8.65,0.0,0.0,3411.9347951909563,44.5122055896431,7.336234321829027,582320,0,Low
34.57,80.94,91.06,15.176666666666668,0.0,0.0,4994.456719228199,29.875150559753006,59.95929197389327,2731929,1,Low
28.3,77.0,105.2,17.533333333333335,0.0,0.0,2758.695764962916,52.49441193309938,243.42185844439945,582320,0,Medium
24.0,50.2,77.6,12.933333333333332,0.0,0.0,2808.2443377990776,1.5486321739681348,134.28006868161563,582320,0,Low
94.6,129.86,208.93,34.821666666666665,0.0,0.0,1498.536845480175,14.689004256146434,110.8834130410732,582320,0,High
67.7,138.6,183.2,30.53333333333333,0.0,0.0,3663.277250568361,45.95208368814237,35.60065429359647,582320,1,High
90.61,217.2,285.16,47.52666666666667,0.0,0.0,857.9100198469692,7.935048748377948,269.5709537221646,142004,0,High
6.9,19.7,27.4,4.566666666666666,0.0,0.0,2455.304998427182,7.230376522630699,124.81685781015564,582320,0,Low
38.9,80.8,129.0,21.5,0.0,0.0,3022.9613784893018,8.481751517663957,85.7859054427031,582320,1,Medium
59.75,149.43,225.08,37.513333333333335,0.0,0.0,17992.74224114944,7012.409591097353,694.6375728135071,2241624,0,Low
14.32,75.13,90.13,15.021666666666668,0.0,0.0,16876.02495673975,7793.600738700821,142.25444462002565,2241624,1,Low
84.91,161.66,247.43,41.23833333333334,0.0,0.0,4491.448048375892,7.444422967350113,107.83223388399024,887978,0,High
13.55,67.33,161.6,26.933333333333334,0.0,0.0,8842.79789312859,5.817746646448786,80.58708687424367,1709346,0,High
21.4,43.53,114.62,19.10333333333333,0.0,0.0,6467.972484454039,1651.7455347302164,123.1744110960503,2241624,1,Medium
17.9,37.6,53.8,8.966666666666667,0.0,0.0,3399.602288199891,34.158216115429774,10.477380453786452,142004,1,Low
25.8,60.5,79.9,13.316666666666668,0.0,0.0,3348.5072524815023,4.148295599633991,6.563639808128531,582320,1,Low
44.03,97.54,154.7,25.78333333333333,0.0,0.0,5006.198597112279,3.69474065157842,27.60582352166221,887978,0,High
10.4,27.0,40.5,6.75,0.0,0.0,3027.7010644070874,8.385102405194722,73.96230345388773,142004,1,Low
22.42,67.5,132.97,22.161666666666665,0.0,0.0,7783.869348237083,1239.7575373504028,665.550134007408,2241624,0,Low
39.86,112.87,176.74,29.456666666666667,0.0,0.0,3344.4598500272173,10.8069110928992,191.1616733158756,3656539,1,Medium
36.59,63.37,147.5,24.58333333333333,0.0,0.0,2749.0540391157374,3.498838564710716,142.52674349083478,887978,1,Low
18.5,47.9,65.4,10.9,0.0,0.0,2736.728172712012,31.464504796100403,149.0201692933455,582320,1,Low
23.9,49.9,66.9,11.15,0.0,0.0,3307.6684014900025,4.478309543524127,0.7798501996275756,582320,0,Low
10.7,24.8,37.1,6.183333333333334,0.0,0.0,2837.243874722777,8.58702586577506,85.96111776142655,582320,0,Low
85.19,149.29,222.58,37.09666666666667,0.0,0.0,1821.3634489301205,2.564574190326964,692.1585371881343,142004,0,High
22.7,55.2,81.5,13.583333333333334,0.0,0.0,3664.5295765344654,26.25598028874143,40.18493787574381,1709346,1,Low
3.9,7.8,12.2,2.033333333333333,0.0,0.0,3165.529838911089,23.41655885025464,138.15584701561016,582320,0,Low
2.4,6.2,8.4,1.4,0.0,0.0,2569.1489804051216,17.389468284841342,94.8601103938267,582320,0,Low
40.4,89.4,125.4,20.9,0.0,0.0,3369.4082606015227,60.34555439568492,57.27181989890296,142004,0,Medium
56.5,116.9,182.2,30.366666666666664,0.0,0.0,3233.918420805304,0.8168806131088115,35.15121782263864,582320,1,Medium
36.1,80.8,128.1,21.35,0.0,0.0,2689.9906672434554,38.05012790032971,207.64410278787184,582320,0,Medium
65.9,133.2,189.7,31.616666666666664,0.0,0.0,2884.1286327858807,4.612177261938903,28.484298383782463,582320,0,High
30.4,85.9,124.5,20.75,0.0,0.0,3741.518702284076,3.4657688976592262,15.641924307271818,1709346,1,Medium
19.0,39.8,62.8,10.466666666666669,0.0,0.0,2842.8137117299043,6.2632701646757285,181.75561257786632,582320,1,Low
6.0,12.7,17.5,2.9166666666666665,0.0,0.0,3579.6199368527023,38.16599799648088,111.4809925347751,142004,1,Low
15.8,39.2,54.6,9.1,0.0,0.0,7466.333901921417,1.5933861833816612,310.0331278442934,2731929,0,Medium
59.0,132.5,183.2,30.53333333333333,0.0,0.0,2365.224259458877,10.25289083274206,22.49618660593784,582320,0,High
21.99,44.14,58.74,9.79,0.0,0.0,7588.233980801167,733.053296036825,323.3958166468707,2241624,0,Medium
8.9,21.4,31.3,5.216666666666667,0.0,0.0,3239.605985590781,33.814877639520105,76.82644737312695,582320,0,Low
50.3,103.4,138.2,23.03333333333333,0.0,0.0,2884.448767187569,11.919108792557012,42.725375836430814,582320,0,Medium
42.6,98.5,141.9,23.65,0.0,0.0,2757.201785526617,20.37172572957155,171.69355949504612,582320,0,Medium
51.13,96.14,147.87,24.645,0.0,0.0,2000.9751510843428,25.98482698570152,155.46314186792432,582320,1,Low
29.4,78.1,118.3,19.716666666666665,0.0,0.0,3327.6118053335326,64.09637512197381,57.27852864620341,142004,0,Medium
8.7,22.9,32.4,5.4,0.0,0.0,3139.891755563987,2.71602206887457,4.892058055738236,582320,1,Low
8.6,23.7,34.5,5.75,0.0,0.0,3394.382143397452,83.9637130419563,36.11372935854506,142004,0,Low
50.3,128.9,179.2,29.866666666666664,0.0,0.0,3001.7741677023914,15.478090828748346,81.50138205328449,142004,1,High
16.04,37.07,47.25,7.875,0.0,0.0,4703.281268283866,26.763799820181216,901.1150413178136,3656539,0,High
16.8,38.1,53.0,8.833333333333334,0.0,0.0,3197.733476416419,10.98671521394473,41.76123647852201,582320,1,Low
60.0,122.6,174.6,29.1,0.0,0.0,3612.317592938239,4.285675575665698,121.34346256923472,142004,0,High
20.1,53.3,75.9,12.65,0.0,0.0,2164.172461064769,29.951975780432903,132.50809508497596,582320,0,Low
9.1,23.6,33.9,5.65,0.0,0.0,3178.0288333535163,44.5213318889673,94.70915946965762,582320,1,Low
41.0,96.9,145.6,24.266666666666666,0.0,0.0,3143.025685295474,5.724906677769523,10.53654725097046,582320,0,Medium
47.06,106.0,152.98,25.496666666666663,0.0,0.0,6400.398895319702,1644.2017901049269,163.88716425180502,2241624,1,Medium
20.2,48.9,76.2,12.7,0.0,0.0,2741.496695016435,3.022543661053401,175.45397717167685,582320,1,Low
36.4,101.6,150.8,25.133333333333336,0.0,0.0,2761.96480933915,111.54420822531011,217.20533348022164,582320,1,Medium
29.0,81.3,120.0,20.0,0.0,0.0,2559.7198258988524,14.391742012796684,145.34578343834073,582320,0,Medium
47.8,101.7,142.4,23.73333333333333,0.0,0.0,2791.4270863227666,9.283658322027408,28.36805310644885,582320,1,Medium
18.8,53.2,74.3,12.383333333333333,0.0,0.0,3306.695616478134,5.100545584508375,15.584585363681166,582320,0,Low
25.0,51.9,78.3,13.05,0.0,0.0,678.1635161706685,44.04595921264262,221.2477858829716,887978,1,Medium
5.3,11.3,16.6,2.766666666666667,0.0,0.0,2162.847097658233,24.050986119054087,154.15884369907312,582320,0,Low
6.2,16.6,24.8,4.133333333333334,0.0,0.0,2945.631222434866,24.99668742344341,138.5201349360449,582320,0,Low
97.05,225.15,330.95,55.15833333333333,0.0,0.0,8951.43187351517,987.762607321891,148.3995152661512,2241624,1,Medium
37.3,88.4,140.7,23.45,0.0,0.0,1876.836891397325,2.507226779576559,328.5533109444217,582320,1,Medium
20.0,48.0,64.5,10.75,0.0,0.0,2970.466557384176,35.589654341565264,259.1839615814177,582320,1,Low
12.0,27.3,41.7,6.95,0.0,0.0,4278.9128871000685,13.990143632514526,69.87349402630424,887978,1,Medium
87.95,162.11,219.42,36.57,0.0,0.0,8164.287251808755,0.0149971330827743,192.92629638939812,2241624,1,Medium
56.89,125.87,191.29,31.881666666666664,0.0,0.0,8616.28199501728,391.548722507064,207.6341370569923,887978,0,High
4.2,10.4,14.0,2.333333333333333,0.0,0.0,2307.3343282221144,9.151173522366848,98.89587544506897,582320,0,Low
17.1,43.3,58.1,9.683333333333334,0.0,0.0,4474.447518242232,2.62340239365509,65.48726490749776,142004,0,Medium
12.1,26.8,35.4,5.9,0.0,0.0,3428.8360751089544,15.27513172096932,95.61022883842816,582320,0,Low
11.4,30.8,40.1,6.683333333333334,0.0,0.0,3026.632560709016,4.400917545881452,124.00844077843998,582320,1,Low
31.5,73.8,99.3,16.55,0.0,0.0,2129.2964557986,9.44683291889828,31.025713735164576,582320,0,Medium
4.0,10.9,17.0,2.833333333333333,0.0,0.0,3079.1042635385447,31.26541248807673,182.99889174502368,582320,0,Low
3.8,10.5,14.6,2.433333333333333,0.0,0.0,3849.2128855255614,7.867726820022271,218.8726513995521,142004,0,Low
26.3,64.1,99.9,16.650000000000002,0.0,0.0,3227.48992890056,28.96498539044904,9.338942102330192,582320,0,Low
77.45,85.23,140.32,23.386666666666667,0.0,0.0,1683.790822053384,22.526346829515,10.188017508252662,2241624,0,Low
28.3,79.0,110.7,18.45,0.0,0.0,3034.803944494048,1.150491781005852,17.447580086775975,582320,0,Medium
59.1,124.4,188.9,31.48333333333333,0.0,0.0,3238.8602402234897,21.731781481947607,26.2741447879272,142004,1,High
12.3,28.6,45.4,7.566666666666666,0.0,0.0,2592.6218474962907,28.399382295120624,115.99028950749808,582320,0,Low
23.0,58.8,79.6,13.266666666666666,0.0,0.0,2990.2209523759707,43.15020029008839,118.8254504726928,582320,0,Low
89.63,210.44,304.7,50.78333333333333,0.0,0.0,3323.718264675971,4.6136364304742585,56.59240461685633,2241624,0,High
10.5,29.7,44.9,7.483333333333333,0.0,0.0,1805.8462538094336,49.73539180769215,267.9863570348079,582320,0,Low
45.1,125.4,197.4,32.9,0.0,0.0,2682.36529133267,18.373451026478893,176.9731432555112,582320,1,High
2.5,6.9,9.4,1.5666666666666669,0.0,0.0,2316.5583393827565,2.1721936931029653,76.85429192540356,582320,0,Low
50.8,116.1,155.7,25.95,0.0,0.0,3089.329134023501,31.06024413762306,127.30751458245165,582320,0,High
31.9,73.0,110.6,18.433333333333334,0.0,0.0,2440.0009763173352,10.84632521118124,5.618460948728817,582320,0,Low
41.02,63.51,127.82,21.30333333333333,0.0,0.0,1925.9999476164087,16.189485149380424,62.4949713673274,887978,1,Low
69.19,98.23,118.23,19.705,0.0,0.0,4243.218585032487,24.084856715466582,253.9256620584047,142004,1,High
5.7,12.0,18.5,3.083333333333333,0.0,0.0,3231.691987701362,71.15244903616825,11.887965185166388,582320,1,Low
16.4,35.3,53.8,8.966666666666667,0.0,0.0,3020.415485625776,1.9286347581294432,90.18761484026872,582320,0,Low
95.45,131.5,229.9,38.31666666666667,0.0,0.0,9588.830208805612,1767.8889506633734,59.141344038501806,2241624,0,Low
34.69,66.96,99.29,16.548333333333336,0.0,0.0,4314.955587177429,85.13805447499153,618.0985584101419,142004,1,Low
25.7,39.24,78.59,13.098333333333334,0.0,0.0,8149.377568028413,3.491885032726724,62.11386114933722,887978,1,Medium
40.6,96.3,144.1,24.016666666666666,0.0,0.0,4203.424372524718,14.136022883827586,510.3654598976058,142004,0,High
33.2,87.4,133.8,22.3,0.0,0.0,2473.05825651793,4.488186809570725,15.674572213882977,582320,0,Medium
52.3,120.4,180.1,30.016666666666666,0.0,0.0,3121.028085953303,6.964453600124227,33.01988503911468,582320,0,High
52.73,95.05,132.67,22.111666666666665,0.0,0.0,3939.509682930344,212.031755860864,652.9823873792077,887978,1,High
2.2,5.1,7.4,1.2333333333333334,0.0,0.0,2804.660922755387,22.077217588546688,211.3886370582686,582320,1,Low
58.06,109.71,162.52,27.08666666666667,0.0,0.0,2926.658713220032,30.637384053887345,306.7174441864025,582320,0,High
16.9,48.1,74.5,12.416666666666666,0.0,0.0,3138.554841841936,3.287760659741696,61.12594827951515,142004,1,Low
42.5,88.6,136.7,22.78333333333333,0.0,0.0,3078.442122413265,21.14858932094765,90.28553646323122,582320,0,Medium
36.1,81.9,130.9,21.816666666666663,0.0,0.0,3364.827351514934,27.65554364025783,106.25958034704227,582320,1,Low
49.5,105.8,144.5,24.08333333333333,0.0,0.0,3048.998326917977,33.82332747464605,28.508237817230142,582320,0,Medium
49.7,111.5,164.8,27.46666666666667,0.0,0.0,3099.314321427706,27.537173604595026,170.68728608098388,142004,0,Medium
20.5,45.7,61.0,10.166666666666666,0.0,0.0,2195.1029297151667,25.710728999301136,39.64416970698114,582320,0,Low
57.6,129.5,197.1,32.85,0.0,0.0,2548.110316682388,5.531230012912563,84.17142990157954,582320,0,High
79.79,163.11,225.15,37.525,0.0,0.0,1577.81885256643,54.25464940330711,286.5999345486909,582320,1,High
39.47,95.04,128.06,21.343333333333334,0.0,0.0,6846.567412972189,27.843847335351423,120.65687633761576,887978,1,High
25.7,54.7,74.5,12.416666666666666,0.0,0.0,3081.180679909786,16.850019909282206,39.06843762972438,582320,1,Medium
16.34,69.6,134.64,22.44,0.0,0.0,8375.508859415739,70.38623100967538,10.517454833767502,887978,1,High
13.4,28.9,40.8,6.8,0.0,0.0,3135.277705516718,61.49983249156742,54.14814823800408,582320,0,Low
5.8,15.3,24.4,4.066666666666666,0.0,0.0,3019.7356978763346,1.1528420982218448,242.53385270191745,582320,0,Low
30.4,86.4,120.0,20.0,0.0,0.0,3339.4525550645058,0.1640519935490808,30.66302286974949,582320,0,Medium
21.4,46.3,62.8,10.466666666666669,0.0,0.0,2263.1443259112143,26.54580261302132,174.91320549554513,582320,1,Low
22.4,60.5,79.5,13.25,0.0,0.0,2922.39363073348,4.662489610726754,44.99686839563176,582320,0,Low
42.5,91.3,134.7,22.45,0.0,0.0,3943.6670299664816,0.9502033728057298,80.42960419475818,887978,1,High
25.7,68.5,93.2,15.533333333333331,0.0,0.0,3314.36560059844,9.51224266650784,26.70999648223276,582320,1,Low
47.4,108.5,164.2,27.366666666666664,0.0,0.0,3469.105348968531,4.107534571492391,4.893327720004232,142004,0,Medium
45.9,106.6,153.1,25.516666666666666,0.0,0.0,2549.7777415986693,21.924985886409093,117.47810452480616,582320,1,Medium
5.5,12.1,90.67,15.111666666666666,0.0,0.0,15002.25264218799,3740.807159689717,201.29541843862967,1709346,0,Low
23.5,53.0,84.2,14.033333333333331,0.0,0.0,2809.7093379857297,7.897681873014624,1.9373326664560004,582320,0,Low
17.37,48.39,109.96,18.326666666666664,0.0,0.0,12725.71253484874,2721.8497444149025,103.77356571052437,2241624,0,Medium
5.6,12.7,19.4,3.233333333333333,0.0,0.0,2717.2085510640736,0.5205812587822205,79.98152718450666,582320,1,Low
4.4,9.7,13.3,2.216666666666667,0.0,0.0,3154.090290477531,3.2410390335798644,20.10510961712525,582320,1,Low
22.05,50.56,68.8,11.466666666666669,0.0,0.0,5276.969648989876,15.862735111946758,865.2109660001423,2241624,0,Low
4.9,12.7,18.2,3.033333333333333,0.0,0.0,2455.1787607753563,13.087302056576611,126.3371690607955,582320,0,Low
52.6,134.0,175.1,29.183333333333334,0.0,0.0,2382.771383791438,130.12401129263512,475.362316919122,2731929,1,High
6.59,15.95,19.88,3.313333333333333,0.0,0.0,4445.458530793146,28.393038007964044,1.6403505138049448,142004,1,Medium
7.6,18.8,29.8,4.966666666666667,0.0,0.0,2908.289150665502,1.3985972605572845,100.24239767683676,582320,0,Low
10.9,28.5,43.0,7.166666666666667,0.0,0.0,2640.747517212984,16.41597530031724,12.003875159654172,582320,1,Low
45.7,94.9,125.6,20.933333333333334,0.0,0.0,8000.327640859888,41.72878718171384,136.1902061091122,2731929,0,High
38.51,98.11,128.42,21.40333333333333,0.0,0.0,4662.737770598351,9.588084794340809,16.96690440557015,142004,0,Low
59.6,122.1,185.6,30.933333333333334,0.0,0.0,3414.8861218194147,4.45049779272678,95.8038613547868,582320,0,Medium
22.49,56.1,73.69,12.281666666666666,0.0,0.0,12401.8942208424,2075.6072674711254,817.2858963514204,2241624,0,High
83.29,100.31,150.23,25.03833333333333,0.0,0.0,13553.352780187492,2042.8908150122763,336.93707875011165,2241624,0,High
30.85,63.88,77.26,12.876666666666669,0.0,0.0,11300.778253737946,3163.650945004016,960.9740174078324,887978,1,High
59.34,144.69,210.46,35.07666666666667,0.0,0.0,3835.938471342796,7.554474928012987,32.31134948620192,142004,1,High
51.39,97.47,184.28,30.71333333333333,0.0,0.0,12782.42949919022,1347.3422397551562,78.50434137557491,1709346,1,Medium
13.1,34.9,51.5,8.583333333333334,0.0,0.0,3125.854983136247,59.871605284299534,180.6191020951048,582320,0,Low
